CREATE DATABASE IF NOT EXISTS `ELECTRONICS_SHOP` DEFAULT CHARACTER SET = 'utf8' DEFAULT COLLATE 'utf8_general_ci'; 

 USE ELECTRONICS_SHOP;
SET FOREIGN_KEY_CHECKS=0;

DROP TABLE IF EXISTS `order_status`;
CREATE TABLE IF NOT EXISTS `order_status` (
	`ID` INTEGER NOT NULL,
	`NAME` VARCHAR(64) DEFAULT NULL,
	PRIMARY KEY (`ID`)
);

DROP TABLE IF EXISTS `country`;
CREATE TABLE IF NOT EXISTS `country` (
	`ID` INTEGER NOT NULL,
	`NAME` VARCHAR(64) DEFAULT NULL,
	PRIMARY KEY (`ID`)
);

DROP TABLE IF EXISTS `category`;
CREATE TABLE IF NOT EXISTS `category` (
	`ID` INTEGER NOT NULL,
	`NAME` VARCHAR(64) DEFAULT NULL,
	`PARENT_CATEGORY_ID` INTEGER NOT NULL,
	PRIMARY KEY (`ID`)
);

DROP TABLE IF EXISTS `product`;
CREATE TABLE IF NOT EXISTS `product` (
	`ID` INTEGER NOT NULL,
	`SKU` VARCHAR(64) DEFAULT NULL,
	`NAME` VARCHAR(64) DEFAULT NULL,
	`PRICE` DECIMAL(6,0) DEFAULT NULL,
	`STOCK` INTEGER DEFAULT NULL,
	`CATEGORY_ID` INTEGER NOT NULL,
	`DESCRIPTION` VARCHAR(64) DEFAULT NULL,
	PRIMARY KEY (`ID`)
);

DROP TABLE IF EXISTS `payment_status`;
CREATE TABLE IF NOT EXISTS `payment_status` (
	`ID` INTEGER NOT NULL,
	`NAME` VARCHAR(64) DEFAULT NULL,
	PRIMARY KEY (`ID`)
);

DROP TABLE IF EXISTS `customer`;
CREATE TABLE IF NOT EXISTS `customer` (
	`ID` INTEGER NOT NULL,
	`FIRST_NAME` VARCHAR(64) DEFAULT NULL,
	`LAST_NAME` VARCHAR(64) DEFAULT NULL,
	`SEX` VARCHAR(64) DEFAULT NULL,
	`BIRTH_YEAR` INTEGER DEFAULT NULL,
	`PHONE_NUMBER` INTEGER DEFAULT NULL,
	`EMAIL` VARCHAR(64) DEFAULT NULL,
	PRIMARY KEY (`ID`)
);

DROP TABLE IF EXISTS `address`;
CREATE TABLE IF NOT EXISTS `address` (
	`ID` INTEGER NOT NULL,
	`COUNTRY_ID` INTEGER NOT NULL,
	`CITY` VARCHAR(64) DEFAULT NULL,
	`STREET` VARCHAR(64) DEFAULT NULL,
	`BUILDING` INTEGER DEFAULT NULL,
	`APARTMENT` DECIMAL(6,0) DEFAULT NULL,
	`POSTCODE` VARCHAR(64) DEFAULT NULL,
	`CUSTOMER_ID` INTEGER NOT NULL,
	PRIMARY KEY (`ID`)
);

DROP TABLE IF EXISTS `order`;
CREATE TABLE IF NOT EXISTS `order` (
	`ID` INTEGER NOT NULL,
	`DATE` date DEFAULT NULL,
	`DEADLINE_DATE` date DEFAULT NULL,
	`STATUS_ID` INTEGER NOT NULL,
	`CUSTOMER_ID` INTEGER NOT NULL,
	`ADDRESS_ID` INTEGER NOT NULL,
	PRIMARY KEY (`ID`)
);

DROP TABLE IF EXISTS `order_item`;
CREATE TABLE IF NOT EXISTS `order_item` (
	`ID` INTEGER NOT NULL,
	`PRODUCT_ID` INTEGER NOT NULL,
	`AMOUNT` INTEGER DEFAULT NULL,
	`ORDER_ID` INTEGER NOT NULL,
	PRIMARY KEY (`ID`)
);

DROP TABLE IF EXISTS `payment`;
CREATE TABLE IF NOT EXISTS `payment` (
	`ID` INTEGER NOT NULL,
	`DATE` date DEFAULT NULL,
	`METHOD` VARCHAR(64) DEFAULT NULL,
	`WAY` VARCHAR(64) DEFAULT NULL,
	`STATUS_ID` INTEGER NOT NULL,
	`ORDER_ID` INTEGER NOT NULL,
	PRIMARY KEY (`ID`)
);

DROP TABLE IF EXISTS `review`;
CREATE TABLE IF NOT EXISTS `review` (
	`ID` INTEGER NOT NULL,
	`REVIEW_DATE` date DEFAULT NULL,
	`ORDER_ITEM_ID` INTEGER DEFAULT NULL,
	`REVIEW_TEXT` VARCHAR(64) DEFAULT NULL,
	`REVIEW_SCORE` INTEGER DEFAULT NULL,
	PRIMARY KEY (`ID`)
);



ALTER TABLE `order`
ADD CONSTRAINT `fk_order_1`
  FOREIGN KEY (`STATUS_ID`)
  REFERENCES `ELECTRONICS_SHOP`.`order_status` (`ID`)
  ON DELETE RESTRICT
  ON UPDATE CASCADE;

ALTER TABLE `order`
ADD CONSTRAINT `fk_order_2`
  FOREIGN KEY (`CUSTOMER_ID`)
  REFERENCES `customer` (`ID`)
  ON DELETE RESTRICT
  ON UPDATE CASCADE;

ALTER TABLE `order`
ADD CONSTRAINT `fk_order_3`
  FOREIGN KEY (`ADDRESS_ID`)
  REFERENCES `address` (`ID`)
  ON DELETE RESTRICT
  ON UPDATE CASCADE;

ALTER TABLE `address`
ADD CONSTRAINT `fk_address_2`
  FOREIGN KEY (`COUNTRY_ID`)
  REFERENCES `country` (`ID`)
  ON DELETE RESTRICT
  ON UPDATE CASCADE;

ALTER TABLE `payment`
ADD CONSTRAINT `fk_payment_1`
  FOREIGN KEY (`STATUS_ID`)
  REFERENCES `payment_status` (`ID`)
  ON DELETE RESTRICT
  ON UPDATE CASCADE;

ALTER TABLE `payment`
ADD CONSTRAINT `fk_payment_2`
  FOREIGN KEY (`ORDER_ID`)
  REFERENCES `order` (`ID`)
  ON DELETE RESTRICT
  ON UPDATE CASCADE;

ALTER TABLE `order_item`
ADD CONSTRAINT `fk_order_item_1`
  FOREIGN KEY (`PRODUCT_ID`)
  REFERENCES `product` (`ID`)
  ON DELETE RESTRICT
  ON UPDATE CASCADE;

ALTER TABLE `order_item`
ADD CONSTRAINT `fk_order_item_2`
  FOREIGN KEY (`ORDER_ID`)
  REFERENCES `order` (`ID`)
  ON DELETE RESTRICT
  ON UPDATE CASCADE;

ALTER TABLE `category`
ADD CONSTRAINT `fk_category_1`
  FOREIGN KEY (`PARENT_CATEGORY_ID`)
  REFERENCES `category` (`ID`)
  ON DELETE NO ACTION 
  ON UPDATE NO ACTION;
  
ALTER TABLE `product`
ADD CONSTRAINT `fk_product_1`
  FOREIGN KEY (`CATEGORY_ID`)
  REFERENCES `category` (`ID`)
  ON DELETE RESTRICT
  ON UPDATE CASCADE;

ALTER TABLE `review`
ADD CONSTRAINT `fk_review_1`
  FOREIGN KEY (`ORDER_ITEM_ID`)
  REFERENCES `order_item` (`ID`)
  ON DELETE RESTRICT
  ON UPDATE CASCADE;
  
INSERT INTO `order_status` (`ID`, `NAME`) VALUES
(1, 'Reviewing'),
(2, 'Preparation'),
(3, 'Shipping'),
(4, 'Delivered'),
(5, 'Canceled'),
(6, 'Return');

INSERT INTO `country` (`ID`, `NAME`) VALUES
(1, 'Russia'),
(2, 'USA'),
(3, 'Portugal'),
(4, 'Germany'),
(5, 'France'),
(6, 'Spain'),
(7, 'Italy'),
(8, 'Canada'),
(9, 'UK');

INSERT INTO `category` (`ID`, `NAME`, `PARENT_CATEGORY_ID`) VALUES
(1, 'SmartPhones', 14.0),
(2, 'CellPhones', 14.0),
(3, 'SmartWatches', 15.0),
(4, 'Scales', 16.0),
(5, 'Face & Body', 16.0),
(6, 'Hair Care', 16.0),
(7, 'Laptops', 17.0),
(8, 'Desktop Computers', 17.0),
(9, 'Monitors', 17.0),
(10, 'Tablets', NULL),
(11, 'HeadPhones', 18.0),
(12, 'Speakers', 18.0),
(13, 'Accessories', NULL),
(14, 'Phones', NULL),
(15, 'Sport&Fitness', NULL),
(16, 'Home', NULL),
(17, 'Computers', NULL),
(18, 'Audio', NULL);

INSERT INTO `product` (`ID`, `SKU`, `NAME`, `PRICE`, `STOCK`, `CATEGORY_ID`, `DESCRIPTION`) VALUES
(1, 'HC5618591', 'iPhone 14 PRO', 1479, 13, 1, "256GB - Purple - 6,1' - IOS 16"),
(2, 'AB1605476', 'iPhone 14', 799, 22, 1, "128GB - Black - 6,1' - IOS 16"),
(3, 'AB6954965', 'iPhone 14', 899, 23, 1, "256GB - Black - 6,1' - IOS 16"),
(4, 'RT3847497', 'iPhone 13', 699, 45, 1, "256GB - Purple - 6,1' - IOS 16"),
(5, 'AB7586113', 'iPhone 13', 699, 12, 1, "256GB - Black - 6,1' - IOS 16"),
(6, 'AB3664037', 'iPhone 14 Plus', 999, 17, 1, "256GB - Black - 6,7' - IOS 17"),
(7, 'AB4032501', 'iPhone 14 Plus', 899, 13, 1, "128GB - Dark Green - 6,7' - IOS 17"),
(8, 'RT9969857', 'iPhone 14 Plus', 999, 15, 1, "256GB - Dark Green - 6,7' - IOS 17"),
(9, 'AB3494187', 'iPhone 14 PRO max', 1629, 12, 1, "512GB - Midnight - 6,7' - IOS 16"),
(10, 'RT8186525', 'Samsung Galaxy S22 ULTRA', 949, 11, 1, "256GB - Black - 6.8' - 12GB"),
(11, 'AB8261721', 'Samsung Galaxy Z Fold 4', 1599, 16, 1, "256GB - Black - 7.6' - 12GB"),
(12, 'OP8895017', 'Xiaomi 12T PRO', 789, 6, 1, "500GB - Blue - 6.7' - 12GB"),
(13, 'IR2099803', 'Nokia 3310', 59.99, 4, 2, "16GB - Blue - 2.4'  - Card slot "),
(14, 'AB5735338', 'SonyEricsson K800', 94.99, 0, 2, 'Model of 2008'),
(15, 'IR9062041', 'SonyEricsson W200i', 89.99, 0, 2, 'Model 2005 '),
(16, 'AB3162424', 'Samsung Galaxy Watch 4 ', 159.99, 17, 3, '40mm BT - Gold - autonomy 40h - Exynos W920 -water resistent'),
(17, 'AB3535200', 'Xiaomi Mi Band 7', 39.99, 6, 3, "Amoled - 1,62' - autonomy 14days- water resistant"),
(18, 'HC3430540', 'Apple watch 8th Gen', 599, 8, 3, '42mm - Space Gray - GPS'),
(19, 'IR5714245', 'Apple watch ULTRA', 1199, 0, 3, NULL),
(20, 'RT9899092', 'Apple watch SE ', 309.99, 8, 3, '40mm - autonomy 18h - water resistent'),
(21, 'RT9408401', 'Xiaomi mi body composition 2', 29.99, 20, 4, 'max weight 100kg - max 16 users'),
(22, 'AB1084009', 'Braun Series 5 5031s Electric shaver', 79.99, 4, 5, 'Number of attachments 3 - autonomy 50m - water proof'),
(23, 'HC5214543', 'Dyson supersonic hair dryer', 429.99, 3, 6, '16000W - Number of attachments 6 - Vinca blue/rose'),
(24, 'HC3750780', 'BaByliss PRO Titanium Straightener', 119.99, 7, 6, 'Heat protectiv shield'),
(25, 'OP6142692', 'MacBook Air', 949, 10, 7, "13.3' - Intel i5 -  RAM 8GB - 256GB SSD - Rose Gold"),
(26, 'RT5234346', 'MacBook Air', 949, 13, 7, "13.3' - Intel i5 -  RAM 8GB - 256GB SSD - Space Gray"),
(27, 'RT3501648', 'MacBook Pro', 1149, 5, 7, "13.3'  - M2 -  RAM 8GB - 256GB SSD - Space Gray"),
(28, 'AB6960107', 'MacBook Pro', 1599, 0, 7, "14 ' - M2 -  RAM 16GB - 512GB SSD - Space Gray"),
(29, 'HC1544647', 'MacBook Pro', 2099, 20, 7, "14' - M1 pro chip - RAM 16GB - 1TB SSD - Rose Gold"),
(30, 'IR1689046', 'Lenovo ideapad 3i', 499.99, 18, 7, "15.6' - Intel core i3 - RAM 8GB . 256GB SSD - Platinum Gray"),
(31, 'IR3995976', 'ASUS TUF Gaming ', 599, 20, 7, "15.6' - NVIDIA GeForce RTX 3050 - RAM 8GB - 512GB - Eclipse Gray"),
(32, 'AB5362397', 'HP Pavilion Touch screen All-in-one', 1069.99, 10, 8, "24' - Intel core i5 - RAM 12GB - 1TB SSD - Sparkling Black"),
(33, 'RT2394419', 'iMac', 1799, 3, 8, "27' - 5K display - Intel core i5 -RAM 8GB - 256GB SSD - Silver"),
(34, 'AB4443727', 'Samsung A700 series monitor', 269.99, 18, 9, "32' - Led 4K UHD - Black"),
(35, 'IR7120413', 'LG Ultrafine monitor', 596.99, 13, 9, "43' - 4K UHD - Black"),
(36, 'OP4892535', 'Samsung M7 series monitor', 379.99, 5, 9, "43' - Smart Tizen . 4K UHD - White"),
(37, 'HC3203556', 'iPad Air 5th Generation', 749.99, 11, 10, "10.9' - M1 - RAM 8GB - 256GB - Battery Life 10h - Space Gray"),
(38, 'RT2860323', 'iPad Pro (Latest Model) ', 799, 5, 10, "11' - M2 - RAM 8GB - 128GB - Battery Life 10h - Silver"),
(39, 'AB6814259', 'Samsung Galaxy Tab s6 Lite', 269.99, 4, 10, "10.4' - Qualcomm Snapdragon 720G (SM7125) - RAM 4GB - 128GB - Oxford Gray"),
(40, 'IR1750297', 'Samsung Galay Tab s8 Ultra', 1099.99, 15, 10, "14.4' - Qualcomm Snapdragon 8Gen 1 (SM8450) - RAM 16GB - 512GB -Graphite"),
(41, 'AB6713446', 'Lenovo Yoga Tab 11', 349.99, 7, 10, "11'  - MediaTek G90T - RAM 8GB - 256GB - Storm Gray"),
(42, 'RT2176201', 'Airpods Pro 2nd Gen', 399, 4, 11, 'wireless - Noise cancelling - Battery Life 8h - Battery Life with charging case 35h -white'),
(43, 'OP4704450', 'AirPods 2nd generation', 199.99, 11, 11, 'wireless - Noise cancelling - Battery Life 6h - Battery Life with charging case 30h -white'),
(44, 'HC3087183', 'JBLTune 230NC ', 99.99, 17, 11, 'wireless - Noise cancelling - Battery Life 8h - Battery Life with charging case 24h -black'),
(45, 'IR2004864', 'Sony Extra bass in-ear Headphones', 29.99, 20, 11, 'wired - black'),
(46, 'OP9113930', 'Samsung  HW-B650/ZA soundbar', 209.99, 5, 12, "3.1' - Dolby 5.1 - Black"),
(47, 'OP5414574', 'Sonos Beam (Gen 2)', 359.99, 14, 12, 'High resolution audio'),
(48, 'RT8876603', 'Apple HomePod', 499, 4, 12, 'Apple Home Assistant'),
(49, 'AB5860849', 'Yandex Alice Station', 299, 18, 12, 'Yandex Home Assistant'),
(50, 'AB8201518', 'Apple Pencil Gen 1', 99, 12, 13, NULL),
(51, 'HC1984084', 'Apple Pencil Gen 2', 169, 14, 13, NULL),
(52, 'HC8995698', 'Smart Folio Cover for iPad Pro', 199.99, 2, 13, 'Apple Oroginal leather cover for iPad Pro 11.1 inch'),
(53, 'RT5657886', 'Apple Magic Keyboard', 299, 5, 13, 'wireless keyboard (ENG)'),
(54, 'RT1902920', 'Apple Magic Mouse', 149, 8, 13, NULL),
(55, 'HC7021564', 'Apple Magic Trackpad', 149, 3, 13, NULL);

INSERT INTO `payment_status` (`ID`, `NAME`) VALUES
(1, 'Paid'),
(2, 'Canceled'),
(3, 'Return');

INSERT INTO `customer` (`ID`, `FIRST_NAME`, `LAST_NAME`, `SEX`, `BIRTH_YEAR`, `PHONE_NUMBER`, `EMAIL`) VALUES
(1, 'Barbara', 'Santos', 'F', 1954, 73306027515, 'basan1954@examplemail.lol'),
(2, 'Cristiano', 'Oliveira', 'M', 1954, 76333225225, 'crioliv@examplemail.lol'),
(3, 'David', 'Schmidt', 'M', 2012, 69000930565, 'dsc2012@examplemail.lol'),
(4, 'Ricardo', 'Motta', 'M', 2013, 40475073180, 'rmo@examplemail.lol'),
(5, 'Jack', 'Monet', 'M', 1960, 47422950456, 'jmo@examplemail.lol'),
(6, 'Oliver', 'Lavigne', 'M', 1967, 33054216677, 'olilavi1967@examplemail.lol'),
(7, 'Sophia', 'Motta', 'F', 1981, 95604583694, 'sopmott1981@examplemail.lol'),
(8, 'Sophia', 'Zurabov', 'F', 2004, 93237250317, 'sopzura04@examplemail.lol'),
(9, 'Robert', 'Lavigne', 'M', 1984, 42590758370, 'rla@examplemail.lol'),
(10, 'Vladislav', 'Oliveira', 'M', 1948, 41757342521, 'vlaoliv@examplemail.lol'),
(11, 'Martin', 'Williams', 'M', 2013, 62695686557, 'martwilli@examplemail.lol'),
(12, 'Julia', 'Müller', 'F', 1944, 51758544644, 'jmü44@examplemail.lol'),
(13, 'Ttyana', 'Blanchet', 'F', 1941, 95057834687, 'tbl41@examplemail.lol'),
(14, 'Julia', 'Schmidt', 'F', 2014, 73161541051, 'julischmi14@examplemail.lol'),
(15, 'Jack', 'Smith', 'M', 1984, 72842838987, 'jsm@examplemail.lol'),
(16, 'Julia', 'Smith', 'F', 1947, 71131961749, 'julismith@examplemail.lol'),
(17, 'Marianna', 'Motta', 'F', 1993, 92027974017, 'mmo93@examplemail.lol'),
(18, 'Ttyana', 'Santos', 'F', 2011, 77629958036, 'ttyasanto2011@examplemail.lol'),
(19, 'Daniel', 'Lavigne', 'M', 1988, 85903178280, 'danlavi88@examplemail.lol'),
(20, 'David', 'Silva', 'M', 1983, 70114859242, 'dsi1983@examplemail.lol'),
(21, 'Maria', 'Oliveira', 'F', 1961, 84086964680, 'mol@examplemail.lol'),
(22, 'Babette', 'Schneider', 'F', 1996, 90184161852, 'basch96@examplemail.lol'),
(23, 'Liam', 'Santos', 'M', 1958, 52055601428, 'liamsanto@examplemail.lol'),
(24, 'Patricia', 'Oliveira', 'F', 1971, 33458499115, 'pol71@examplemail.lol'),
(25, 'Liam', 'Oliveira', 'M', 2004, 72183843765, 'lioli2004@examplemail.lol'),
(26, 'David', 'Santos', 'M', 1996, 60503137276, 'davsant1996@examplemail.lol'),
(27, 'Vladislav', 'Silva', 'M', 1957, 30512407058, 'vlasilv1957@examplemail.lol'),
(28, 'Barbara', 'Brown', 'F', 1988, 80242781480, 'babro1988@examplemail.lol'),
(29, 'Robert', 'Pereira', 'M', 2005, 52460526443, 'robeperei05@examplemail.lol'),
(30, 'Jane', 'Santos', 'F', 1975, 55855229940, 'jsa75@examplemail.lol'),
(31, 'Emma', 'Abramov', 'F', 1984, 89056350458, 'emmabra@examplemail.lol'),
(32, 'Andrew', 'Silva', 'M', 1983, 38910019733, 'ansil83@examplemail.lol'),
(33, 'Diego', 'Castro', 'M', 1994, 79247423807, 'diegcastr@examplemail.lol'),
(34, 'Oliver', 'Schneider', 'M', 1981, 46218227953, 'olivschne1981@examplemail.lol'),
(35, 'Pedro', 'Lavigne', 'M', 1961, 82627736993, 'pla61@examplemail.lol'),
(36, 'Daniel', 'Castro', 'M', 1993, 81450001149, 'dancast@examplemail.lol'),
(37, 'Daniel', 'Santos', 'M', 1986, 42699014831, 'dsa@examplemail.lol'),
(38, 'Liam', 'Smith', 'M', 1960, 66526359584, 'lsm60@examplemail.lol'),
(39, 'David', 'Abramov', 'M', 1964, 86471661955, 'davabra@examplemail.lol'),
(40, 'Marianna', 'Oliveira', 'F', 1969, 60416822935, 'mol@examplemail.lol'),
(41, 'Charlotte', 'Silva', 'F', 1961, 94647735067, 'chasilv@examplemail.lol'),
(42, 'Martin', 'Schmidt', 'M', 1969, 39565363671, 'martschmi69@examplemail.lol'),
(43, 'Sophia', 'Müller', 'F', 1995, 38268711509, 'somül@examplemail.lol'),
(44, 'James', 'Schneider', 'M', 1980, 88997740930, 'jsc80@examplemail.lol'),
(45, 'Ttyana', 'Lavigne', 'F', 2000, 72550992156, 'ttyalavig2000@examplemail.lol'),
(46, 'Jhonny', 'Williams', 'M', 1999, 78709065758, 'jhwil@examplemail.lol'),
(47, 'Ines', 'Schneider', 'F', 2003, 68958082748, 'insch@examplemail.lol'),
(48, 'Jane', 'Lavigne', 'F', 1984, 97371567116, 'jalav@examplemail.lol'),
(49, 'James', 'Abramov', 'M', 1968, 69572070997, 'jameabram@examplemail.lol'),
(50, 'Charlotte', 'Santos', 'F', 1992, 74756354223, 'chasant@examplemail.lol'),
(51, 'Jack', 'Brown', 'M', 2014, 46012457446, 'jbr@examplemail.lol'),
(52, 'Charlotte', 'Müller', 'F', 1949, 65159428353, 'chmül49@examplemail.lol'),
(53, 'Liam', 'Silva', 'M', 1986, 93326466791, 'liasilv1986@examplemail.lol'),
(54, 'Vladislav', 'Abramov', 'M', 1957, 73127180509, 'vlaabra@examplemail.lol'),
(55, 'Helen', 'Zurabov', 'F', 1941, 87781861181, 'hezur1941@examplemail.lol'),
(56, 'David', 'Brown', 'M', 1979, 95930855594, 'dabro@examplemail.lol'),
(57, 'Diego', 'Pereira', 'M', 1959, 51211295517, 'diepere@examplemail.lol'),
(58, 'Patricia', 'Schmidt', 'F', 1978, 88707888650, 'patrschmi@examplemail.lol'),
(59, 'Olivia', 'Pereira', 'F', 2012, 79730212509, 'olivperei@examplemail.lol'),
(60, 'Julia', 'Castro', 'F', 1999, 53808277217, 'jucas1999@examplemail.lol'),
(61, 'Charlotte', 'Schmidt', 'F', 1941, 95569613863, 'csc@examplemail.lol'),
(62, 'Martin', 'Zurabov', 'M', 1961, 82748023759, 'mazur61@examplemail.lol'),
(63, 'Diego', 'Santos', 'M', 1986, 94459726574, 'disan86@examplemail.lol'),
(64, 'Diego', 'Schneider', 'M', 1959, 34673776467, 'diegschne@examplemail.lol'),
(65, 'Jane', 'Schmidt', 'F', 1966, 97614670040, 'janschm@examplemail.lol'),
(66, 'Martin', 'Santos', 'M', 1980, 32186819614, 'masan80@examplemail.lol'),
(67, 'Ricardo', 'Müller', 'M', 2009, 50434492314, 'rimül2009@examplemail.lol'),
(68, 'Marianna', 'Pereira', 'F', 1954, 78740717525, 'maper@examplemail.lol'),
(69, 'Vladislav', 'Schneider', 'M', 1968, 77328457867, 'vsc@examplemail.lol'),
(70, 'Sophia', 'Schneider', 'F', 1987, 92728902115, 'sosch87@examplemail.lol'),
(71, 'Ricardo', 'Zurabov', 'M', 1955, 52934514882, 'rizur@examplemail.lol'),
(72, 'Jack', 'Zurabov', 'M', 1979, 43333534864, 'jaczura1979@examplemail.lol'),
(73, 'Ines', 'Schmidt', 'F', 1994, 60664863678, 'inesschmi@examplemail.lol'),
(74, 'Daniel', 'Schmidt', 'M', 1986, 47781386452, 'danschm1986@examplemail.lol'),
(75, 'Liam', 'Blanchet', 'M', 2011, 50501513939, 'lbl2011@examplemail.lol'),
(76, 'Oliver', 'Zurabov', 'M', 1961, 82345089463, 'olivzurab@examplemail.lol'),
(77, 'Ricardo', 'Silva', 'M', 2009, 36244372374, 'ricsilv2009@examplemail.lol'),
(78, 'Charlotte', 'Oliveira', 'F', 1953, 82312232709, 'chaoliv1953@examplemail.lol'),
(79, 'Vladislav', 'Pereira', 'M', 1943, 33242417615, 'vlper1943@examplemail.lol'),
(80, 'Emma', 'Oliveira', 'F', 1979, 44806390231, 'emoli79@examplemail.lol'),
(81, 'Vladislav', 'Castro', 'M', 2006, 70966755288, 'vladcastr@examplemail.lol'),
(82, 'Marianna', 'Müller', 'F', 1971, 44044732562, 'mmü@examplemail.lol'),
(83, 'Jack', 'Schneider', 'M', 2010, 83661707661, 'jsc@examplemail.lol'),
(84, 'James', 'Schmidt', 'M', 1981, 43867144901, 'jasch@examplemail.lol'),
(85, 'Robert', 'Müller', 'M', 1994, 99049924958, 'robemülle@examplemail.lol'),
(86, 'Emma', 'Lavigne', 'F', 2012, 74998292052, 'emmalavig@examplemail.lol'),
(87, 'Olivia', 'Williams', 'F', 2001, 61051663751, 'oliwill@examplemail.lol'),
(88, 'Babette', 'Zurabov', 'F', 2009, 48252473006, 'babezurab@examplemail.lol'),
(89, 'Emma', 'Schneider', 'F', 1952, 56317169711, 'esc@examplemail.lol'),
(90, 'Helen', 'Smith', 'F', 1979, 65076924957, 'helesmith79@examplemail.lol'),
(91, 'Barbara', 'Oliveira', 'F', 1955, 50168732928, 'baroliv@examplemail.lol'),
(92, 'Ines', 'Williams', 'F', 2007, 79122562040, 'inewill2007@examplemail.lol'),
(93, 'Maria', 'Williams', 'F', 1975, 33443205595, 'mawil@examplemail.lol'),
(94, 'Andrew', 'Lavigne', 'M', 1999, 63293131734, 'ala99@examplemail.lol'),
(95, 'Charlotte', 'Pereira', 'F', 1996, 92029459026, 'charperei96@examplemail.lol'),
(96, 'Ttyana', 'Schmidt', 'F', 1989, 54318959217, 'ttyschm1989@examplemail.lol'),
(97, 'Vladislav', 'Williams', 'M', 1942, 54531606634, 'vlwil1942@examplemail.lol'),
(98, 'Anna', 'Schneider', 'F', 1994, 79093519264, 'annaschne@examplemail.lol'),
(99, 'Babette', 'Silva', 'F', 2014, 56535426000, 'babesilva14@examplemail.lol'),
(100, 'Helen', 'Blanchet', 'F', 2010, 47329512135, 'hebla@examplemail.lol'),
(101, 'Oliver', 'Castro', 'M', 1973, 92794490012, 'olcas@examplemail.lol'),
(102, 'Jack', 'Schmidt', 'M', 1948, 59314840126, 'jasch48@examplemail.lol'),
(103, 'Robert', 'Brown', 'M', 1957, 89238570558, 'robebrown57@examplemail.lol'),
(104, 'William', 'Pereira', 'M', 1960, 53799829706, 'willperei1960@examplemail.lol'),
(105, 'Cristiano', 'Castro', 'M', 2006, 86124721290, 'cca@examplemail.lol'),
(106, 'James', 'Smith', 'M', 1987, 73801185197, 'jasmi@examplemail.lol'),
(107, 'Patricia', 'Müller', 'F', 2001, 51619966216, 'patrmülle01@examplemail.lol'),
(108, 'Patricia', 'Williams', 'F', 1960, 98350790935, 'pwi1960@examplemail.lol'),
(109, 'Ttyana', 'Monet', 'F', 2006, 34560533115, 'ttymone06@examplemail.lol'),
(110, 'Jhonny', 'Blanchet', 'M', 1958, 71489503873, 'jhoblan1958@examplemail.lol'),
(111, 'Emma', 'Smith', 'F', 2001, 54094868412, 'esm2001@examplemail.lol'),
(112, 'Patricia', 'Smith', 'F', 1941, 84891838547, 'pasmi@examplemail.lol'),
(113, 'William', 'Zurabov', 'M', 1943, 45149391668, 'willzurab@examplemail.lol'),
(114, 'Maria', 'Motta', 'F', 2011, 39342121119, 'marmott2011@examplemail.lol'),
(115, 'Anna', 'Brown', 'F', 1941, 47499972527, 'abr@examplemail.lol'),
(116, 'Vladislav', 'Smith', 'M', 1981, 36661406877, 'vlasmit@examplemail.lol'),
(117, 'Jack', 'Blanchet', 'M', 1994, 39984747840, 'jackblanc94@examplemail.lol'),
(118, 'Marianna', 'Williams', 'F', 1996, 87136498182, 'marwill96@examplemail.lol'),
(119, 'Olivia', 'Schneider', 'F', 2001, 54913696509, 'olsch01@examplemail.lol'),
(120, 'Oliver', 'Silva', 'M', 1960, 70708411365, 'olsil60@examplemail.lol'),
(121, 'Vladislav', 'Brown', 'M', 2012, 40986684384, 'vladbrown@examplemail.lol'),
(122, 'Pedro', 'Blanchet', 'M', 1994, 37646000834, 'pedrblanc94@examplemail.lol'),
(123, 'Jane', 'Müller', 'F', 1972, 54594534601, 'janmüll1972@examplemail.lol'),
(124, 'Andrew', 'Schmidt', 'M', 1992, 82677588040, 'andrschmi1992@examplemail.lol'),
(125, 'Jhonny', 'Zurabov', 'M', 1955, 46042441285, 'jhozura@examplemail.lol'),
(126, 'James', 'Silva', 'M', 2010, 43238759412, 'jsi@examplemail.lol'),
(127, 'Emma', 'Blanchet', 'F', 1989, 54451973782, 'ebl@examplemail.lol'),
(128, 'Jhonny', 'Schneider', 'M', 1993, 57347732450, 'jhsch@examplemail.lol'),
(129, 'Daniel', 'Williams', 'M', 2009, 58106269368, 'daniwilli09@examplemail.lol'),
(130, 'Sophia', 'Schmidt', 'F', 1970, 98472626415, 'ssc@examplemail.lol'),
(131, 'Martin', 'Pereira', 'M', 1941, 65014553438, 'marpere@examplemail.lol'),
(132, 'David', 'Motta', 'M', 1971, 32562826117, 'davimotta@examplemail.lol'),
(133, 'Liam', 'Lavigne', 'M', 1943, 38872461508, 'lla@examplemail.lol'),
(134, 'Oliver', 'Schmidt', 'M', 1992, 33364607241, 'osc92@examplemail.lol'),
(135, 'Liam', 'Motta', 'M', 2009, 32387347995, 'lmo@examplemail.lol'),
(136, 'Helen', 'Monet', 'F', 2001, 91713483178, 'helemonet01@examplemail.lol'),
(137, 'Daniel', 'Oliveira', 'M', 1946, 49578021703, 'dol@examplemail.lol'),
(138, 'David', 'Schneider', 'M', 1965, 92578049593, 'davischne@examplemail.lol'),
(139, 'Cristiano', 'Smith', 'M', 1942, 50898765542, 'crissmith42@examplemail.lol'),
(140, 'Helen', 'Motta', 'F', 1961, 39891791594, 'hemot@examplemail.lol'),
(141, 'Oliver', 'Pereira', 'M', 1979, 98766313120, 'olivperei79@examplemail.lol'),
(142, 'Babette', 'Castro', 'F', 1981, 91783455461, 'bca81@examplemail.lol'),
(143, 'William', 'Williams', 'M', 1980, 39364719599, 'wwi1980@examplemail.lol'),
(144, 'Andrew', 'Abramov', 'M', 1969, 75866828144, 'andabra1969@examplemail.lol'),
(145, 'Daniel', 'Motta', 'M', 1959, 63297369641, 'danmott@examplemail.lol'),
(146, 'Andrew', 'Williams', 'M', 1943, 44783968837, 'awi@examplemail.lol'),
(147, 'Julia', 'Brown', 'F', 2011, 79174281472, 'julibrown11@examplemail.lol'),
(148, 'Oliver', 'Monet', 'M', 1983, 41117695884, 'omo@examplemail.lol'),
(149, 'Barbara', 'Pereira', 'F', 1985, 40003380686, 'bpe@examplemail.lol'),
(150, 'Jane', 'Silva', 'F', 2014, 88115533093, 'jasil@examplemail.lol'),
(151, 'James', 'Brown', 'M', 1970, 96302621357, 'jabro70@examplemail.lol'),
(152, 'William', 'Brown', 'M', 2003, 42626836774, 'wilbrow@examplemail.lol'),
(153, 'Julia', 'Pereira', 'F', 1947, 61771396849, 'julpere@examplemail.lol'),
(154, 'Emma', 'Zurabov', 'F', 1947, 82028681149, 'emzur1947@examplemail.lol'),
(155, 'Ttyana', 'Pereira', 'F', 1959, 37193612782, 'ttypere@examplemail.lol'),
(156, 'Oliver', 'Abramov', 'M', 1987, 57597516250, 'olivabram@examplemail.lol'),
(157, 'Cristiano', 'Brown', 'M', 1957, 43314762064, 'crbro@examplemail.lol'),
(158, 'Babette', 'Monet', 'F', 1984, 41747029135, 'bamon84@examplemail.lol'),
(159, 'Maria', 'Zurabov', 'F', 1953, 54515306000, 'marizurab@examplemail.lol'),
(160, 'Pedro', 'Schneider', 'M', 1981, 33643982593, 'pedrschne1981@examplemail.lol'),
(161, 'Maria', 'Monet', 'F', 1950, 62260673119, 'marmone@examplemail.lol'),
(162, 'Babette', 'Schmidt', 'F', 2010, 94017749913, 'bsc10@examplemail.lol'),
(163, 'Emma', 'Pereira', 'F', 2007, 50548670370, 'emper2007@examplemail.lol'),
(164, 'Andrew', 'Oliveira', 'M', 1950, 74456301202, 'androlive50@examplemail.lol'),
(165, 'Julia', 'Lavigne', 'F', 1999, 62939408488, 'jullavi1999@examplemail.lol'),
(166, 'Olivia', 'Monet', 'F', 1993, 51963843878, 'omo@examplemail.lol'),
(167, 'Pedro', 'Pereira', 'M', 1993, 57273312410, 'ppe93@examplemail.lol'),
(168, 'Jack', 'Pereira', 'M', 2007, 81096127526, 'japer2007@examplemail.lol'),
(169, 'Diego', 'Smith', 'M', 1952, 82155427705, 'dismi@examplemail.lol'),
(170, 'Cristiano', 'Abramov', 'M', 1981, 96125070656, 'cab1981@examplemail.lol'),
(171, 'Barbara', 'Müller', 'F', 2001, 48351024652, 'barmüll2001@examplemail.lol'),
(172, 'Jhonny', 'Brown', 'M', 1982, 70177319705, 'jhobrow1982@examplemail.lol'),
(173, 'Babette', 'Brown', 'F', 1991, 76237421052, 'babbrow@examplemail.lol'),
(174, 'Pedro', 'Smith', 'M', 1969, 47842501739, 'pedsmit@examplemail.lol'),
(175, 'Pedro', 'Zurabov', 'M', 1942, 46724631856, 'pedzura@examplemail.lol'),
(176, 'Cristiano', 'Silva', 'M', 2000, 32226624204, 'csi00@examplemail.lol'),
(177, 'David', 'Oliveira', 'M', 1947, 89954855883, 'daoli@examplemail.lol'),
(178, 'Jhonny', 'Monet', 'M', 2010, 33594266728, 'jhmon@examplemail.lol'),
(179, 'Martin', 'Smith', 'M', 1980, 79391071704, 'marsmit80@examplemail.lol'),
(180, 'Olivia', 'Brown', 'F', 2007, 47764277577, 'olbro@examplemail.lol'),
(181, 'Pedro', 'Williams', 'M', 1942, 98193827523, 'pewil@examplemail.lol'),
(182, 'Jack', 'Castro', 'M', 1989, 85969017369, 'jca89@examplemail.lol'),
(183, 'William', 'Smith', 'M', 1992, 68696983758, 'wsm@examplemail.lol'),
(184, 'James', 'Santos', 'M', 1947, 75618912733, 'jsa@examplemail.lol'),
(185, 'Diego', 'Müller', 'M', 1958, 54914207985, 'diegmülle@examplemail.lol'),
(186, 'Ttyana', 'Silva', 'F', 1949, 76708820193, 'ttsil@examplemail.lol'),
(187, 'Helen', 'Müller', 'F', 1946, 97702315394, 'hemül@examplemail.lol'),
(188, 'Maria', 'Silva', 'F', 1969, 58868813142, 'masil@examplemail.lol'),
(189, 'Julia', 'Silva', 'F', 1996, 64332015663, 'jsi96@examplemail.lol'),
(190, 'Maria', 'Schneider', 'F', 1961, 61291988511, 'marschn@examplemail.lol'),
(191, 'William', 'Oliveira', 'M', 1963, 60871457942, 'wiloliv@examplemail.lol'),
(192, 'Robert', 'Santos', 'M', 1989, 53624145199, 'robesanto89@examplemail.lol'),
(193, 'Barbara', 'Silva', 'F', 1985, 51234073147, 'barbsilva1985@examplemail.lol'),
(194, 'Ricardo', 'Castro', 'M', 2005, 56551086468, 'ricas@examplemail.lol'),
(195, 'Daniel', 'Monet', 'M', 1945, 46641010165, 'dmo@examplemail.lol'),
(196, 'David', 'Pereira', 'M', 1994, 61499602032, 'dpe@examplemail.lol'),
(197, 'Daniel', 'Silva', 'M', 1965, 93371254517, 'dsi@examplemail.lol'),
(198, 'Patricia', 'Zurabov', 'F', 1959, 47521450261, 'pazur59@examplemail.lol'),
(199, 'Maria', 'Santos', 'F', 2008, 84259955414, 'msa@examplemail.lol'),
(200, 'Jhonny', 'Motta', 'M', 1963, 56971843393, 'jhmot@examplemail.lol'),
(201, 'Cristiano', 'Schneider', 'M', 1984, 76261847439, 'csc@examplemail.lol'),
(202, 'Marianna', 'Monet', 'F', 1986, 45549762885, 'marimonet1986@examplemail.lol'),
(203, 'Sophia', 'Santos', 'F', 1953, 59760502046, 'sosan53@examplemail.lol'),
(204, 'Ricardo', 'Brown', 'M', 1962, 64042156133, 'ricabrown1962@examplemail.lol'),
(205, 'Sophia', 'Williams', 'F', 1948, 33082034710, 'sophwilli@examplemail.lol'),
(206, 'Babette', 'Abramov', 'F', 1977, 39312862976, 'babeabram@examplemail.lol'),
(207, 'Marianna', 'Abramov', 'F', 1985, 70884853089, 'maabr@examplemail.lol'),
(208, 'James', 'Blanchet', 'M', 1961, 50954397378, 'jbl1961@examplemail.lol'),
(209, 'Liam', 'Williams', 'M', 2006, 78482042604, 'liwil2006@examplemail.lol'),
(210, 'David', 'Monet', 'M', 1991, 81046003733, 'davmone1991@examplemail.lol'),
(211, 'Ricardo', 'Santos', 'M', 1997, 43388730517, 'risan1997@examplemail.lol'),
(212, 'Ines', 'Abramov', 'F', 2011, 78256882245, 'inabr11@examplemail.lol'),
(213, 'Anna', 'Müller', 'F', 1986, 74924986056, 'anmül1986@examplemail.lol'),
(214, 'Liam', 'Schmidt', 'M', 1960, 98619250569, 'liamschmi@examplemail.lol'),
(215, 'Oliver', 'Motta', 'M', 1977, 64831409839, 'olimott@examplemail.lol'),
(216, 'Martin', 'Lavigne', 'M', 1964, 40292923226, 'mla@examplemail.lol'),
(217, 'Andrew', 'Monet', 'M', 1964, 68826458834, 'amo1964@examplemail.lol'),
(218, 'Babette', 'Müller', 'F', 1998, 90856975426, 'babmüll1998@examplemail.lol'),
(219, 'Ines', 'Müller', 'F', 1971, 53236653644, 'inemüll@examplemail.lol'),
(220, 'Vladislav', 'Motta', 'M', 1992, 64630896981, 'vlmot@examplemail.lol'),
(221, 'Robert', 'Smith', 'M', 2013, 56564130984, 'robsmit@examplemail.lol'),
(222, 'Olivia', 'Smith', 'F', 2014, 67836348465, 'olsmi2014@examplemail.lol'),
(223, 'Olivia', 'Müller', 'F', 1979, 58695435593, 'olmül@examplemail.lol'),
(224, 'Liam', 'Abramov', 'M', 1948, 52163732567, 'lab48@examplemail.lol'),
(225, 'Sophia', 'Smith', 'F', 1983, 83648304246, 'sophsmith@examplemail.lol'),
(226, 'David', 'Zurabov', 'M', 1991, 73916901063, 'dazur@examplemail.lol'),
(227, 'Helen', 'Brown', 'F', 1956, 49522401647, 'hebro@examplemail.lol'),
(228, 'James', 'Zurabov', 'M', 1941, 68488741425, 'jamezurab@examplemail.lol'),
(229, 'Babette', 'Blanchet', 'F', 1986, 78353623495, 'babla86@examplemail.lol'),
(230, 'Jane', 'Monet', 'F', 1984, 98991118456, 'janemonet1984@examplemail.lol'),
(231, 'Ttyana', 'Schneider', 'F', 1983, 58078400075, 'tsc83@examplemail.lol'),
(232, 'Barbara', 'Blanchet', 'F', 1985, 59363890502, 'barbblanc@examplemail.lol'),
(233, 'Cristiano', 'Monet', 'M', 1979, 93480412665, 'cmo1979@examplemail.lol'),
(234, 'William', 'Santos', 'M', 1941, 72782810405, 'willsanto@examplemail.lol'),
(235, 'William', 'Schmidt', 'M', 1960, 57842775178, 'willschmi60@examplemail.lol'),
(236, 'Andrew', 'Santos', 'M', 1981, 52714323745, 'andsant@examplemail.lol'),
(237, 'Andrew', 'Schneider', 'M', 1995, 97127607096, 'asc1995@examplemail.lol'),
(238, 'Ricardo', 'Schneider', 'M', 1965, 67382731797, 'ricschn@examplemail.lol'),
(239, 'Olivia', 'Oliveira', 'F', 2012, 75119853975, 'ool@examplemail.lol'),
(240, 'Oliver', 'Williams', 'M', 1990, 34889275048, 'oliwill@examplemail.lol'),
(241, 'Diego', 'Schmidt', 'M', 1954, 82297130020, 'dieschm1954@examplemail.lol'),
(242, 'Pedro', 'Castro', 'M', 2014, 82549175747, 'pedcast@examplemail.lol'),
(243, 'Charlotte', 'Zurabov', 'F', 1985, 55371123955, 'czu@examplemail.lol'),
(244, 'Anna', 'Abramov', 'F', 1964, 70040542555, 'annaabram@examplemail.lol'),
(245, 'Diego', 'Zurabov', 'M', 1981, 89680208872, 'diezura@examplemail.lol'),
(246, 'Daniel', 'Abramov', 'M', 1958, 90754527105, 'dab@examplemail.lol'),
(247, 'Patricia', 'Castro', 'F', 1980, 58077604763, 'pca@examplemail.lol'),
(248, 'Babette', 'Lavigne', 'F', 1982, 72497312169, 'babelavig1982@examplemail.lol'),
(249, 'Ttyana', 'Motta', 'F', 1979, 40513884450, 'ttymott@examplemail.lol'),
(250, 'Liam', 'Castro', 'M', 1964, 43345498853, 'lca1964@examplemail.lol'),
(251, 'Anna', 'Pereira', 'F', 1968, 72436617801, 'ape68@examplemail.lol'),
(252, 'Sophia', 'Brown', 'F', 1992, 63385611705, 'sbr92@examplemail.lol'),
(253, 'Pedro', 'Santos', 'M', 1966, 39140462987, 'pedrsanto@examplemail.lol'),
(254, 'William', 'Blanchet', 'M', 2004, 53141939526, 'willblanc@examplemail.lol'),
(255, 'Robert', 'Zurabov', 'M', 1973, 64026956645, 'robezurab73@examplemail.lol'),
(256, 'Cristiano', 'Zurabov', 'M', 1951, 55584835072, 'criszurab1951@examplemail.lol'),
(257, 'Cristiano', 'Blanchet', 'M', 2000, 97869945481, 'crisblanc2000@examplemail.lol'),
(258, 'Ttyana', 'Abramov', 'F', 1955, 66432848419, 'tab@examplemail.lol'),
(259, 'Pedro', 'Monet', 'M', 1952, 87903240725, 'pedmone@examplemail.lol'),
(260, 'Anna', 'Santos', 'F', 2013, 34166281039, 'ansan2013@examplemail.lol'),
(261, 'Ttyana', 'Castro', 'F', 1963, 73432605593, 'ttcas63@examplemail.lol'),
(262, 'Marianna', 'Zurabov', 'F', 2009, 49380242916, 'marizurab09@examplemail.lol'),
(263, 'Anna', 'Lavigne', 'F', 1985, 54496463825, 'annlavi@examplemail.lol'),
(264, 'Daniel', 'Müller', 'M', 1997, 42656622643, 'danimülle@examplemail.lol'),
(265, 'Patricia', 'Pereira', 'F', 1981, 71902941709, 'patpere1981@examplemail.lol'),
(266, 'Cristiano', 'Lavigne', 'M', 1999, 55926003838, 'crilavi99@examplemail.lol'),
(267, 'Olivia', 'Santos', 'F', 1990, 67004367189, 'olsan1990@examplemail.lol'),
(268, 'Olivia', 'Motta', 'F', 2013, 89066018333, 'omo2013@examplemail.lol'),
(269, 'Ines', 'Zurabov', 'F', 1984, 70990078434, 'inezura@examplemail.lol'),
(270, 'William', 'Lavigne', 'M', 1985, 75531104355, 'willlavig@examplemail.lol'),
(271, 'Vladislav', 'Santos', 'M', 1980, 68470272081, 'vlsan1980@examplemail.lol'),
(272, 'Liam', 'Brown', 'M', 1958, 74478639408, 'liabrow1958@examplemail.lol'),
(273, 'Martin', 'Schneider', 'M', 1999, 64737495525, 'masch99@examplemail.lol'),
(274, 'Sophia', 'Silva', 'F', 2006, 39265287985, 'sosil@examplemail.lol'),
(275, 'Charlotte', 'Brown', 'F', 1962, 90205717379, 'chbro@examplemail.lol'),
(276, 'Sophia', 'Castro', 'F', 1975, 58278086138, 'sopcast1975@examplemail.lol'),
(277, 'James', 'Monet', 'M', 1972, 70935222272, 'jammone@examplemail.lol'),
(278, 'Helen', 'Lavigne', 'F', 1964, 60111122858, 'hellavi@examplemail.lol'),
(279, 'David', 'Müller', 'M', 2008, 85035273096, 'davmüll@examplemail.lol'),
(280, 'Liam', 'Zurabov', 'M', 1981, 74582159549, 'liazura@examplemail.lol'),
(281, 'Ricardo', 'Blanchet', 'M', 2014, 40618939665, 'rbl@examplemail.lol'),
(282, 'Pedro', 'Müller', 'M', 1964, 49773073987, 'pemül@examplemail.lol'),
(283, 'Pedro', 'Motta', 'M', 1963, 32768493771, 'pmo63@examplemail.lol'),
(284, 'Jane', 'Brown', 'F', 1969, 78473118660, 'janbrow@examplemail.lol'),
(285, 'Barbara', 'Motta', 'F', 2003, 55556674101, 'barbmotta@examplemail.lol'),
(286, 'Babette', 'Smith', 'F', 1997, 38935274123, 'babesmith@examplemail.lol'),
(287, 'Maria', 'Castro', 'F', 1998, 80598809377, 'mca1998@examplemail.lol'),
(288, 'Maria', 'Smith', 'F', 1969, 76074729331, 'marsmit@examplemail.lol'),
(289, 'Jack', 'Silva', 'M', 1943, 37218942401, 'jacsilv@examplemail.lol'),
(290, 'Andrew', 'Castro', 'M', 1971, 59598589180, 'andcast1971@examplemail.lol'),
(291, 'Maria', 'Pereira', 'F', 2000, 63414193841, 'marpere@examplemail.lol'),
(292, 'Sophia', 'Blanchet', 'F', 1949, 64419809999, 'sophblanc@examplemail.lol'),
(293, 'Sophia', 'Lavigne', 'F', 1968, 70676469962, 'soplavi1968@examplemail.lol'),
(294, 'Sophia', 'Pereira', 'F', 2005, 93784847264, 'soppere05@examplemail.lol'),
(295, 'Charlotte', 'Castro', 'F', 1945, 39222048499, 'charcastr@examplemail.lol'),
(296, 'Charlotte', 'Motta', 'F', 1990, 72148125037, 'chamott@examplemail.lol'),
(297, 'Ttyana', 'Müller', 'F', 1975, 60493875271, 'ttyamülle@examplemail.lol'),
(298, 'William', 'Monet', 'M', 1991, 54796342415, 'wilmone@examplemail.lol'),
(299, 'Robert', 'Abramov', 'M', 1996, 96350147648, 'robeabram96@examplemail.lol'),
(300, 'Robert', 'Schneider', 'M', 1970, 96640745783, 'robschn1970@examplemail.lol'),
(301, 'Vladislav', 'Monet', 'M', 1980, 54879213602, 'vmo@examplemail.lol'),
(302, 'Vladislav', 'Blanchet', 'M', 1975, 90575102937, 'vlablan1975@examplemail.lol'),
(303, 'Vladislav', 'Lavigne', 'M', 2004, 69638508037, 'vllav@examplemail.lol'),
(304, 'Jack', 'Lavigne', 'M', 2006, 74902528631, 'jacklavig2006@examplemail.lol'),
(305, 'Ttyana', 'Zurabov', 'F', 1961, 77405468979, 'ttzur61@examplemail.lol'),
(306, 'Ines', 'Oliveira', 'F', 1986, 72620108233, 'iol86@examplemail.lol'),
(307, 'Barbara', 'Smith', 'F', 1968, 39279394214, 'barbsmith@examplemail.lol'),
(308, 'Jane', 'Blanchet', 'F', 2014, 80504001562, 'jbl@examplemail.lol'),
(309, 'Marianna', 'Brown', 'F', 1993, 93855756280, 'maribrown@examplemail.lol'),
(310, 'Maria', 'Müller', 'F', 1989, 61410561731, 'marimülle@examplemail.lol'),
(311, 'Marianna', 'Santos', 'F', 1981, 87940928872, 'marisanto@examplemail.lol'),
(312, 'Diego', 'Monet', 'M', 1988, 46255430353, 'dmo88@examplemail.lol'),
(313, 'Jane', 'Schneider', 'F', 1995, 44646887256, 'janeschne95@examplemail.lol'),
(314, 'Daniel', 'Schneider', 'M', 1954, 41295188266, 'dasch@examplemail.lol'),
(315, 'Babette', 'Santos', 'F', 1978, 33787396508, 'bsa@examplemail.lol'),
(316, 'Ttyana', 'Brown', 'F', 1984, 39774615568, 'tbr84@examplemail.lol'),
(317, 'Patricia', 'Brown', 'F', 1989, 34283381875, 'pabro89@examplemail.lol'),
(318, 'Ricardo', 'Schmidt', 'M', 2006, 69526009839, 'ricaschmi@examplemail.lol'),
(319, 'Andrew', 'Brown', 'M', 1961, 69256214556, 'andrbrown@examplemail.lol'),
(320, 'Robert', 'Silva', 'M', 2008, 89073629688, 'rsi@examplemail.lol'),
(321, 'Martin', 'Monet', 'M', 1981, 81412341362, 'martmonet81@examplemail.lol'),
(322, 'Martin', 'Castro', 'M', 1972, 90626948205, 'mca@examplemail.lol'),
(323, 'Jhonny', 'Silva', 'M', 1949, 80002466625, 'jhosilv@examplemail.lol'),
(324, 'Olivia', 'Lavigne', 'F', 1945, 54323968593, 'olivlavig@examplemail.lol'),
(325, 'Jack', 'Müller', 'M', 1974, 63977210297, 'jamül@examplemail.lol'),
(326, 'Patricia', 'Schneider', 'F', 1999, 73407093982, 'patrschne@examplemail.lol'),
(327, 'Robert', 'Motta', 'M', 1980, 73379231099, 'romot@examplemail.lol'),
(328, 'Emma', 'Müller', 'F', 1965, 82098246457, 'emmül1965@examplemail.lol'),
(329, 'Jhonny', 'Lavigne', 'M', 1992, 83188824832, 'jhonlavig@examplemail.lol'),
(330, 'Martin', 'Blanchet', 'M', 2013, 98762834168, 'mabla2013@examplemail.lol'),
(331, 'Martin', 'Oliveira', 'M', 1946, 33647819577, 'mol@examplemail.lol'),
(332, 'Maria', 'Lavigne', 'F', 1955, 30006588913, 'mla1955@examplemail.lol'),
(333, 'Julia', 'Motta', 'F', 2007, 56103640762, 'julimotta2007@examplemail.lol'),
(334, 'Helen', 'Castro', 'F', 1949, 66480106033, 'helecastr@examplemail.lol'),
(335, 'Ricardo', 'Pereira', 'M', 1969, 48922701766, 'ricaperei69@examplemail.lol'),
(336, 'William', 'Castro', 'M', 1959, 36036761794, 'wca59@examplemail.lol'),
(337, 'Marianna', 'Silva', 'F', 2013, 49220800189, 'msi@examplemail.lol'),
(338, 'Babette', 'Pereira', 'F', 2011, 97682343770, 'bpe11@examplemail.lol'),
(339, 'Anna', 'Blanchet', 'F', 1977, 57167651820, 'anbla1977@examplemail.lol'),
(340, 'Liam', 'Monet', 'M', 1964, 81268519696, 'lmo@examplemail.lol'),
(341, 'Olivia', 'Zurabov', 'F', 1985, 55810436914, 'olzur@examplemail.lol'),
(342, 'Jhonny', 'Santos', 'M', 1997, 65521852469, 'jsa@examplemail.lol'),
(343, 'Emma', 'Santos', 'F', 2012, 73201277094, 'emsan12@examplemail.lol'),
(344, 'Vladislav', 'Müller', 'M', 1965, 69506909401, 'vladmülle@examplemail.lol'),
(345, 'William', 'Schneider', 'M', 1959, 97603014408, 'wilschn1959@examplemail.lol'),
(346, 'Jhonny', 'Smith', 'M', 1984, 84206529535, 'jhonsmith1984@examplemail.lol'),
(347, 'Julia', 'Schneider', 'F', 1960, 84045523609, 'jusch60@examplemail.lol'),
(348, 'Robert', 'Oliveira', 'M', 1993, 65987589496, 'rol93@examplemail.lol'),
(349, 'Jack', 'Motta', 'M', 1979, 48308311924, 'jmo@examplemail.lol'),
(350, 'Julia', 'Oliveira', 'F', 1996, 48456942534, 'juliolive@examplemail.lol'),
(351, 'Oliver', 'Smith', 'M', 1966, 52022799189, 'olismit66@examplemail.lol'),
(352, 'Charlotte', 'Monet', 'F', 1981, 63381946815, 'cmo@examplemail.lol'),
(353, 'Daniel', 'Blanchet', 'M', 1973, 81076011906, 'danblan@examplemail.lol'),
(354, 'Andrew', 'Pereira', 'M', 1967, 61352396025, 'andrperei1967@examplemail.lol'),
(355, 'Babette', 'Motta', 'F', 1968, 79778982225, 'babemotta@examplemail.lol'),
(356, 'Ricardo', 'Williams', 'M', 2005, 35343487354, 'riwil2005@examplemail.lol'),
(357, 'Jhonny', 'Schmidt', 'M', 1953, 39469115800, 'jhsch1953@examplemail.lol'),
(358, 'Marianna', 'Blanchet', 'F', 1948, 51186656539, 'mariblanc@examplemail.lol'),
(359, 'Emma', 'Williams', 'F', 1948, 44438147956, 'emmawilli@examplemail.lol'),
(360, 'Martin', 'Motta', 'M', 2014, 80447959816, 'mamot@examplemail.lol'),
(361, 'David', 'Blanchet', 'M', 1976, 80343938648, 'dbl76@examplemail.lol'),
(362, 'Ttyana', 'Oliveira', 'F', 1981, 93748713286, 'ttyoliv1981@examplemail.lol'),
(363, 'Charlotte', 'Smith', 'F', 1989, 80261983662, 'chasmit@examplemail.lol'),
(364, 'Andrew', 'Müller', 'M', 1991, 71425857077, 'amü1991@examplemail.lol'),
(365, 'Pedro', 'Silva', 'M', 1966, 62003817219, 'pedsilv@examplemail.lol'),
(366, 'Olivia', 'Castro', 'F', 1949, 63747233083, 'olivcastr1949@examplemail.lol'),
(367, 'Sophia', 'Abramov', 'F', 1952, 63050877367, 'sophabram@examplemail.lol'),
(368, 'Pedro', 'Schmidt', 'M', 1943, 70628344763, 'pedrschmi43@examplemail.lol'),
(369, 'Jane', 'Smith', 'F', 1972, 70334043406, 'jasmi@examplemail.lol'),
(370, 'Diego', 'Oliveira', 'M', 2003, 46174368828, 'dioli@examplemail.lol'),
(371, 'Diego', 'Brown', 'M', 1972, 93064378913, 'dibro@examplemail.lol'),
(372, 'Cristiano', 'Pereira', 'M', 1950, 54522864548, 'crper@examplemail.lol'),
(373, 'Ttyana', 'Williams', 'F', 1950, 42738392077, 'ttwil@examplemail.lol'),
(374, 'Sophia', 'Monet', 'F', 1947, 97493957767, 'smo@examplemail.lol'),
(375, 'James', 'Oliveira', 'M', 1964, 62251935112, 'jol@examplemail.lol'),
(376, 'Anna', 'Schmidt', 'F', 1943, 74109992606, 'ansch@examplemail.lol'),
(377, 'Ines', 'Blanchet', 'F', 1963, 77256692154, 'ibl63@examplemail.lol'),
(378, 'Maria', 'Schmidt', 'F', 1996, 92980934543, 'marschm96@examplemail.lol'),
(379, 'Ricardo', 'Smith', 'M', 1962, 48849652948, 'rismi@examplemail.lol'),
(380, 'Jane', 'Motta', 'F', 1980, 51924949953, 'janmott@examplemail.lol'),
(381, 'Emma', 'Brown', 'F', 1986, 73230282293, 'embro86@examplemail.lol'),
(382, 'Pedro', 'Abramov', 'M', 1952, 62342443225, 'peabr1952@examplemail.lol'),
(383, 'Jane', 'Oliveira', 'F', 2013, 62087097742, 'janoliv2013@examplemail.lol'),
(384, 'Barbara', 'Schneider', 'F', 1989, 48675689995, 'barbschne@examplemail.lol'),
(385, 'Patricia', 'Santos', 'F', 1969, 74312639034, 'patsant@examplemail.lol'),
(386, 'Olivia', 'Schmidt', 'F', 1983, 45246754045, 'olsch@examplemail.lol'),
(387, 'Martin', 'Abramov', 'M', 1962, 84796353141, 'martabram@examplemail.lol'),
(388, 'Anna', 'Motta', 'F', 1985, 40673553165, 'anmot85@examplemail.lol'),
(389, 'Jane', 'Williams', 'F', 1958, 43964214802, 'jwi@examplemail.lol'),
(390, 'Diego', 'Williams', 'M', 1994, 71572243289, 'diegwilli@examplemail.lol'),
(391, 'Helen', 'Oliveira', 'F', 1979, 58986898798, 'hol@examplemail.lol'),
(392, 'Julia', 'Monet', 'F', 2003, 95413940793, 'julimonet2003@examplemail.lol'),
(393, 'Ricardo', 'Abramov', 'M', 1942, 72027916479, 'rab42@examplemail.lol'),
(394, 'Diego', 'Abramov', 'M', 1964, 72572630279, 'diegabram64@examplemail.lol'),
(395, 'Charlotte', 'Blanchet', 'F', 2012, 49130809054, 'chablan12@examplemail.lol'),
(396, 'Jane', 'Castro', 'F', 1957, 84675516014, 'jacas1957@examplemail.lol'),
(397, 'Olivia', 'Blanchet', 'F', 2013, 55637493208, 'obl@examplemail.lol'),
(398, 'Barbara', 'Monet', 'F', 1947, 39751204363, 'barmone@examplemail.lol'),
(399, 'Andrew', 'Smith', 'M', 1941, 87892018540, 'ansmi@examplemail.lol'),
(400, 'Andrew', 'Blanchet', 'M', 1992, 63630305753, 'abl92@examplemail.lol'),
(401, 'Diego', 'Silva', 'M', 1980, 91413049404, 'disil@examplemail.lol'),
(402, 'James', 'Motta', 'M', 2013, 62867230822, 'jamot13@examplemail.lol'),
(403, 'Charlotte', 'Schneider', 'F', 1959, 61233430598, 'csc@examplemail.lol'),
(404, 'Cristiano', 'Santos', 'M', 1989, 73831964537, 'crsan@examplemail.lol'),
(405, 'Barbara', 'Castro', 'F', 1966, 83932407056, 'bacas@examplemail.lol'),
(406, 'Emma', 'Silva', 'F', 1982, 64335920225, 'emmsilv1982@examplemail.lol'),
(407, 'Helen', 'Santos', 'F', 1980, 74898787374, 'hesan@examplemail.lol'),
(408, 'Sophia', 'Oliveira', 'F', 1941, 94958316765, 'sol@examplemail.lol'),
(409, 'Maria', 'Blanchet', 'F', 2003, 34578639740, 'marblan03@examplemail.lol'),
(410, 'Maria', 'Brown', 'F', 1996, 91817360602, 'mbr@examplemail.lol'),
(411, 'Emma', 'Motta', 'F', 2009, 53157030386, 'emo2009@examplemail.lol'),
(412, 'Cristiano', 'Müller', 'M', 1985, 51581364097, 'crismülle@examplemail.lol'),
(413, 'David', 'Castro', 'M', 1986, 86398205764, 'dacas86@examplemail.lol'),
(414, 'Barbara', 'Abramov', 'F', 1961, 40183322862, 'barabra@examplemail.lol'),
(415, 'Jack', 'Oliveira', 'M', 1955, 30238560015, 'jacoliv55@examplemail.lol'),
(416, 'Jhonny', 'Abramov', 'M', 1946, 42463453075, 'jhoabra1946@examplemail.lol'),
(417, 'William', 'Motta', 'M', 2001, 74003323874, 'wmo@examplemail.lol'),
(418, 'Ricardo', 'Lavigne', 'M', 2013, 41668400364, 'rilav@examplemail.lol'),
(419, 'Marianna', 'Smith', 'F', 2006, 60247493446, 'masmi2006@examplemail.lol'),
(420, 'Jack', 'Williams', 'M', 2000, 62750302584, 'jawil@examplemail.lol'),
(421, 'Marianna', 'Schneider', 'F', 1967, 46305092892, 'marischne67@examplemail.lol'),
(422, 'David', 'Lavigne', 'M', 1969, 31564665772, 'dla@examplemail.lol'),
(423, 'Marianna', 'Schmidt', 'F', 2009, 66648867520, 'marschm@examplemail.lol'),
(424, 'Jhonny', 'Castro', 'M', 1974, 79440505807, 'jhoncastr1974@examplemail.lol'),
(425, 'Jhonny', 'Müller', 'M', 1952, 93532922853, 'jhonmülle52@examplemail.lol'),
(426, 'Pedro', 'Oliveira', 'M', 1943, 54653781606, 'pedoliv@examplemail.lol'),
(427, 'Anna', 'Williams', 'F', 1951, 49815539913, 'annwill@examplemail.lol'),
(428, 'David', 'Smith', 'M', 1963, 91691247316, 'davsmit@examplemail.lol'),
(429, 'Robert', 'Castro', 'M', 2009, 95779314477, 'rocas2009@examplemail.lol'),
(430, 'William', 'Silva', 'M', 1988, 32063127326, 'wisil88@examplemail.lol'),
(431, 'Helen', 'Schneider', 'F', 1962, 74219207196, 'hesch@examplemail.lol'),
(432, 'Babette', 'Oliveira', 'F', 1997, 98052453598, 'baboliv1997@examplemail.lol'),
(433, 'James', 'Castro', 'M', 1986, 37816033428, 'jamcast@examplemail.lol'),
(434, 'Liam', 'Schneider', 'M', 1987, 31661652403, 'lsc@examplemail.lol'),
(435, 'Barbara', 'Schmidt', 'F', 1971, 78113491154, 'bsc1971@examplemail.lol'),
(436, 'Ines', 'Monet', 'F', 2004, 62098889015, 'inemone2004@examplemail.lol'),
(437, 'Julia', 'Santos', 'F', 1997, 73606259431, 'julsant@examplemail.lol'),
(438, 'Andrew', 'Zurabov', 'M', 2008, 57296542321, 'anzur@examplemail.lol'),
(439, 'Olivia', 'Silva', 'F', 1945, 35456405376, 'olisilv@examplemail.lol'),
(440, 'Olivia', 'Abramov', 'F', 1969, 80176469123, 'oab1969@examplemail.lol'),
(441, 'Ines', 'Brown', 'F', 1941, 35232373973, 'inebrow41@examplemail.lol'),
(442, 'Ines', 'Santos', 'F', 2012, 67263544042, 'inessanto@examplemail.lol'),
(443, 'Vladislav', 'Schmidt', 'M', 1946, 79296203954, 'vladschmi@examplemail.lol'),
(444, 'Martin', 'Brown', 'M', 1953, 41011576926, 'marbrow@examplemail.lol'),
(445, 'Marianna', 'Castro', 'F', 1952, 41752064986, 'marcast@examplemail.lol'),
(446, 'Anna', 'Zurabov', 'F', 1983, 47180053553, 'anzur@examplemail.lol'),
(447, 'Diego', 'Lavigne', 'M', 1981, 44081028366, 'dielavi1981@examplemail.lol'),
(448, 'Ines', 'Motta', 'F', 1985, 54876300027, 'inmot@examplemail.lol'),
(449, 'Barbara', 'Williams', 'F', 1973, 52001834904, 'barwill@examplemail.lol'),
(450, 'Robert', 'Williams', 'M', 2003, 47466232617, 'robewilli@examplemail.lol'),
(451, 'Pedro', 'Brown', 'M', 1973, 38505474577, 'pbr@examplemail.lol'),
(452, 'Diego', 'Motta', 'M', 1971, 70119018434, 'diemott71@examplemail.lol'),
(453, 'Anna', 'Oliveira', 'F', 2007, 41783949851, 'aol@examplemail.lol'),
(454, 'Daniel', 'Brown', 'M', 1971, 86330471633, 'danibrown@examplemail.lol'),
(455, 'Vladislav', 'Zurabov', 'M', 1972, 94435476406, 'vladzurab72@examplemail.lol'),
(456, 'Jhonny', 'Oliveira', 'M', 1986, 71028444128, 'jhooliv@examplemail.lol'),
(457, 'Julia', 'Abramov', 'F', 1999, 69969891620, 'jab1999@examplemail.lol'),
(458, 'Ines', 'Pereira', 'F', 1943, 91311215090, 'ipe43@examplemail.lol'),
(459, 'Martin', 'Silva', 'M', 1959, 83417291150, 'msi59@examplemail.lol'),
(460, 'Helen', 'Abramov', 'F', 1975, 37252376386, 'helabra75@examplemail.lol'),
(461, 'Patricia', 'Lavigne', 'F', 1949, 93843422406, 'palav@examplemail.lol'),
(462, 'William', 'Müller', 'M', 1966, 44111575454, 'wilmüll1966@examplemail.lol'),
(463, 'Helen', 'Pereira', 'F', 2010, 81997527771, 'heper10@examplemail.lol'),
(464, 'Jack', 'Santos', 'M', 2009, 37618201455, 'jacksanto2009@examplemail.lol'),
(465, 'James', 'Müller', 'M', 1951, 44336539018, 'jamemülle@examplemail.lol'),
(466, 'Oliver', 'Blanchet', 'M', 1993, 54309924177, 'olbla93@examplemail.lol'),
(467, 'Robert', 'Monet', 'M', 1963, 99005898195, 'rmo@examplemail.lol'),
(468, 'Ricardo', 'Monet', 'M', 2012, 80692246145, 'rimon@examplemail.lol'),
(469, 'Patricia', 'Silva', 'F', 1953, 98551638003, 'patsilv@examplemail.lol'),
(470, 'Anna', 'Silva', 'F', 1994, 64653851531, 'ansil1994@examplemail.lol'),
(471, 'Cristiano', 'Schmidt', 'M', 1988, 48105593388, 'crischm@examplemail.lol'),
(472, 'Emma', 'Monet', 'F', 2008, 74069458393, 'emo2008@examplemail.lol'),
(473, 'Patricia', 'Monet', 'F', 1971, 66891553352, 'pamon71@examplemail.lol'),
(474, 'Ines', 'Lavigne', 'F', 1977, 65990818298, 'inelavi@examplemail.lol'),
(475, 'Oliver', 'Santos', 'M', 1961, 42190425095, 'olsan61@examplemail.lol'),
(476, 'David', 'Williams', 'M', 1961, 31620286011, 'dwi@examplemail.lol'),
(477, 'Helen', 'Williams', 'F', 1953, 58468292521, 'helewilli@examplemail.lol'),
(478, 'Andrew', 'Motta', 'M', 2000, 77833251078, 'andmott@examplemail.lol'),
(479, 'Anna', 'Castro', 'F', 1995, 32090658567, 'annacastr@examplemail.lol'),
(480, 'Maria', 'Abramov', 'F', 2010, 82838305979, 'mab@examplemail.lol'),
(481, 'Helen', 'Schmidt', 'F', 1947, 35696283774, 'hesch@examplemail.lol'),
(482, 'William', 'Abramov', 'M', 2010, 39611095470, 'wilabra@examplemail.lol'),
(483, 'Charlotte', 'Abramov', 'F', 2010, 79527698029, 'chabr10@examplemail.lol'),
(484, 'Oliver', 'Müller', 'M', 1974, 42636847685, 'olmül@examplemail.lol'),
(485, 'Barbara', 'Lavigne', 'F', 1968, 91264353674, 'barblavig@examplemail.lol'),
(486, 'Marianna', 'Lavigne', 'F', 1988, 72620673942, 'malav88@examplemail.lol'),
(487, 'Cristiano', 'Motta', 'M', 2007, 60910769844, 'crimott07@examplemail.lol'),
(488, 'Patricia', 'Blanchet', 'F', 1969, 81909424384, 'patrblanc1969@examplemail.lol'),
(489, 'Julia', 'Williams', 'F', 1978, 82298988351, 'juwil@examplemail.lol'),
(490, 'Patricia', 'Motta', 'F', 1969, 47890973981, 'pmo@examplemail.lol'),
(491, 'Jane', 'Pereira', 'F', 1989, 75960674822, 'janpere1989@examplemail.lol'),
(492, 'Emma', 'Castro', 'F', 1959, 64351012194, 'eca1959@examplemail.lol'),
(493, 'Liam', 'Müller', 'M', 2009, 68342849173, 'liammülle09@examplemail.lol'),
(494, 'Daniel', 'Smith', 'M', 1977, 92162143254, 'dansmit@examplemail.lol'),
(495, 'Martin', 'Müller', 'M', 1987, 50539630973, 'mamül87@examplemail.lol'),
(496, 'Jane', 'Zurabov', 'F', 1972, 62304553384, 'jazur@examplemail.lol'),
(497, 'Oliver', 'Oliveira', 'M', 1957, 80009563585, 'olivolive@examplemail.lol'),
(498, 'Ines', 'Smith', 'F', 1969, 57273136023, 'insmi@examplemail.lol'),
(499, 'Helen', 'Silva', 'F', 1994, 56176225080, 'helsilv@examplemail.lol'),
(500, 'Barbara', 'Zurabov', 'F', 1945, 87813706501, 'barzura@examplemail.lol'),
(501, 'Robert', 'Blanchet', 'M', 2004, 92144632813, 'rbl2004@examplemail.lol'),
(502, 'Babette', 'Williams', 'F', 1958, 91416095998, 'bwi@examplemail.lol'),
(503, 'Anna', 'Smith', 'F', 1980, 81592398451, 'asm1980@examplemail.lol'),
(504, 'Diego', 'Blanchet', 'M', 1977, 60803466117, 'diegblanc@examplemail.lol'),
(505, 'James', 'Pereira', 'M', 1958, 80548114718, 'jampere1958@examplemail.lol'),
(506, 'Cristiano', 'Williams', 'M', 2010, 90697474778, 'criswilli10@examplemail.lol'),
(507, 'Anna', 'Monet', 'F', 2014, 35490695524, 'amo@examplemail.lol'),
(508, 'Ricardo', 'Oliveira', 'M', 1963, 92127257764, 'rioli@examplemail.lol'),
(509, 'Patricia', 'Abramov', 'F', 1993, 69294547490, 'patabra1993@examplemail.lol'),
(510, 'Charlotte', 'Lavigne', 'F', 1977, 63714908358, 'chalavi@examplemail.lol'),
(511, 'James', 'Lavigne', 'M', 1967, 62951674843, 'jamelavig@examplemail.lol'),
(512, 'Daniel', 'Pereira', 'M', 1996, 86006873673, 'daniperei1996@examplemail.lol');

INSERT INTO `address` (`ID`, `COUNTRY_ID`, `CITY`, `STREET`, `BUILDING`, `APARTMENT`, `POSTCODE`, `CUSTOMER_ID`) VALUES
(1, 8, 'London', 'Queen Street', 84, NULL, 'N6Z 9Z9', 344),
(2, 9, 'London', 'Abbey Road', 197, 755, 'E1 2BL', 345),
(3, 1, 'Moscow', 'Svobody Street', 162, NULL, '125130', 49),
(4, 6, 'Barcelona', 'Paseo del Prado', 6, 657, '01004', 357),
(5, 5, 'Lyon', 'Rue des Barres', 43, 766, '93274', 273),
(6, 9, 'Oxford', 'Oxford Street', 106, 160, 'W1G 8RH', 237),
(7, 4, 'Munich', 'Bernauer Straße', 180, 716, '27391', 52),
(8, 3, 'Lisbon', 'Rua da Bica', 28, 998, '145-616', 156),
(9, 1, 'St.Petersburg', '1905 Street', 75, 218, '635342', 294),
(10, 5, 'Lyon', 'Rue Chanoinesse', 40, 977, '93274', 283),
(11, 1, 'Ekaterinburg', 'Mira Avenue', 50, 938, '239032', 462),
(12, 5, 'Marseille', 'Rue Chanoinesse', 152, 931, '32983', 483),
(13, 9, 'London', 'Oxford Street', 153, 117, 'E1 2BL', 56),
(14, 5, 'Lyon', 'Rue des Rosiers', 115, NULL, '93274', 443),
(15, 4, 'Frankfurt', 'Chausseestraße', 25, 628, '56234', 4),
(16, 8, 'London', 'Queen Street', 59, 749, 'N6Z 9Z9', 402),
(17, 3, 'Braga', 'Rua Cor de Rosa', 106, 155, '421-361', 90),
(18, 6, 'Madrid', 'Paseo del Prado', 184, 633, '06923', 36),
(19, 1, 'St.Petersburg', '1905 Street', 65, 522, '635342', 142),
(20, 5, 'Paris', 'Rue des Rosiers', 58, NULL, '57234', 472),
(21, 7, 'Rome', "Campo de' Fiori", 4, 625, '98168', 292),
(22, 1, 'St.Petersburg', 'Mira Avenue', 52, NULL, '635342', 189),
(23, 9, 'Oxford', 'Abbey Road', 190, NULL, 'W1G 8RH', 275),
(24, 2, 'San Francisco', 'Ross Clark Circle', 86, 656, '14824', 378),
(25, 5, 'Lyon', 'Rue Chanoinesse', 30, 397, '93274', 501),
(26, 2, 'San Francisco', 'Wall Street', 50, 277, '14824', 360),
(27, 7, 'Rome', 'Via del Corso', 155, 366, '98168', 400),
(28, 2, 'San Francisco', 'Ross Clark Circle', 53, 413, '14824', 131),
(29, 1, 'Ekaterinburg', '1905 Street', 176, NULL, '239032', 384),
(30, 5, 'Paris', 'Rue Chanoinesse', 7, NULL, '57234', 418),
(31, 2, 'New York', 'Wall Street', 48, 796, '35004', 477),
(32, 5, 'Marseille', 'Rue des Barres', 109, 886, '32983', 201),
(33, 9, 'Oxford', 'Abbey Road', 48, 182, 'W1G 8RH', 136),
(34, 9, 'London', 'Baker Street', 16, 121, 'E1 2BL', 286),
(35, 4, 'Munich', 'Bernauer Straße', 54, NULL, '27391', 356),
(36, 6, 'Barcelona', 'Calle Mayor', 88, NULL, '01004', 312),
(37, 6, 'Barcelona', 'Calle de Preciados', 114, 15, '01004', 206),
(38, 7, 'Rome', "Campo de' Fiori", 171, 888, '98168', 208),
(39, 8, 'London', 'South Granville Street', 53, 862, 'N6Z 9Z9', 262),
(40, 5, 'Lyon', 'Rue Chanoinesse', 18, 622, '93274', 306),
(41, 1, 'Ekaterinburg', 'Lenin Street', 41, 657, '239032', 491),
(42, 1, 'Moscow', '1905 Street', 91, 684, '125130', 403),
(43, 8, 'Toronto', 'Saint Laurent Boulevard', 84, 205, 'M9Z 9Z9', 399),
(44, 8, 'Toronto', 'Queen Street', 190, 169, 'M9Z 9Z9', 447),
(45, 6, 'Vigo', 'Calle de Preciados', 105, 330, '33724', 225),
(46, 8, 'Ontario', 'Saint Laurent Boulevard', 83, 595, 'K0C 9Z9', 264),
(47, 1, 'St.Petersburg', '1905 Street', 171, NULL, '635342', 106),
(48, 6, 'Vigo', 'Calle Huertas', 129, 880, '33724', 467),
(49, 6, 'Madrid', 'Calle de Preciados', 159, 99, '06923', 397),
(50, 4, 'Frankfurt', 'Bernauer Straße', 180, NULL, '56234', 474),
(51, 5, 'Marseille', 'Rue des Rosiers', 90, NULL, '32983', 193),
(52, 4, 'Hamburg', 'Chausseestraße', 150, 474, '25138', 43),
(53, 7, 'Rome', 'Via del Corso', 78, NULL, '98168', 385),
(54, 3, 'Lisbon', 'Rua Augusta', 187, 288, '145-616', 274),
(55, 7, 'Rome', 'Via del Corso', 68, NULL, '98168', 358),
(56, 8, 'London', 'Saint Laurent Boulevard', 140, NULL, 'N6Z 9Z9', 261),
(57, 2, 'New York', 'Ross Clark Circle', 61, 808, '35004', 463),
(58, 8, 'Ontario', 'Queen Street', 19, NULL, 'K0C 9Z9', 259),
(59, 3, 'Braga', 'Rua Cor de Rosa', 157, 43, '421-361', 451),
(60, 1, 'Ekaterinburg', '1905 Street', 73, 376, '239032', 202),
(61, 4, 'Frankfurt', 'Chausseestraße', 152, 135, '56234', 217),
(62, 6, 'Madrid', 'Paseo del Prado', 128, 760, '06923', 186),
(63, 5, 'Paris', 'Rue des Rosiers', 111, 658, '57234', 207),
(64, 8, 'London', 'South Granville Street', 106, 670, 'N6Z 9Z9', 470),
(65, 3, 'Lisbon', 'Rua Augusta', 60, NULL, '145-616', 133),
(66, 6, 'Barcelona', 'Paseo del Prado', 124, 775, '01004', 163),
(67, 9, 'London', 'Oxford Street', 154, NULL, 'E1 2BL', 445),
(68, 8, 'London', 'South Granville Street', 151, 378, 'N6Z 9Z9', 120),
(69, 3, 'Lisbon', 'Rua da Bica', 175, 246, '145-616', 503),
(70, 1, 'Ekaterinburg', '1905 Street', 170, 515, '239032', 332),
(71, 9, 'London', 'Abbey Road', 116, NULL, 'E1 2BL', 487),
(72, 7, 'Rome', 'Via della Conciliazione', 165, 994, '98168', 499),
(73, 2, 'New York', 'Wall Street', 143, 941, '35004', 456),
(74, 5, 'Paris', 'Rue Chanoinesse', 6, 574, '57234', 71),
(75, 6, 'Barcelona', 'Paseo del Prado', 140, 971, '01004', 226),
(76, 7, 'Rome', 'Via del Corso', 112, 907, '98168', 489),
(77, 3, 'Braga', 'Rua Cor de Rosa', 4, NULL, '421-361', 224),
(78, 8, 'London', 'Queen Street', 90, 936, 'N6Z 9Z9', 281),
(79, 1, 'Moscow', 'Svobody Street', 157, 717, '125130', 178),
(80, 6, 'Vigo', 'Calle de Preciados', 66, NULL, '33724', 146),
(81, 4, 'Munich', 'Ebertstraße', 73, 617, '27391', 170),
(82, 2, 'Boston', 'Martin Luther King Drive', 144, NULL, '37806', 175),
(83, 4, 'Munich', 'Chausseestraße', 56, 980, '27391', 440),
(84, 2, 'San Francisco', 'Washington Street', 163, 821, '14824', 297),
(85, 2, 'Boston', 'Ross Clark Circle', 172, 640, '37806', 287),
(86, 5, 'Lyon', 'Rue des Barres', 82, 270, '93274', 297),
(87, 4, 'Hamburg', 'Kurfürstendamm', 74, 682, '25138', 325),
(88, 7, 'Rome', 'Via Margutta', 59, 759, '98168', 466),
(89, 7, 'Rome', 'Via del Corso', 191, 62, '98168', 217),
(90, 3, 'Braga', 'Avenida da Liberdade', 139, 789, '421-361', 290),
(91, 3, 'Braga', 'Rua Cor de Rosa', 106, 81, '421-361', 429),
(92, 1, 'Moscow', '1905 Street', 41, 778, '125130', 301),
(93, 6, 'Barcelona', 'Paseo del Prado', 84, 299, '01004', 370),
(94, 9, 'London', 'Baker Street', 195, 744, 'E1 2BL', 494),
(95, 8, 'Toronto', 'Saint Laurent Boulevard', 185, 376, 'M9Z 9Z9', 367),
(96, 6, 'Vigo', 'Calle de Preciados', 104, NULL, '33724', 326),
(97, 9, 'Oxford', 'Baker Street', 102, 23, 'W1G 8RH', 497),
(98, 2, 'Boston', 'Ross Clark Circle', 171, 747, '37806', 108),
(99, 4, 'Berlin', 'Chausseestraße', 101, 342, '76234', 467),
(100, 3, 'Lisbon', 'Rua Cor de Rosa', 128, 349, '145-616', 157),
(101, 8, 'London', 'Queen Street', 63, 50, 'N6Z 9Z9', 153),
(102, 7, 'Rome', 'Via Margutta', 104, 861, '98168', 316),
(103, 1, 'St.Petersburg', 'Lenin Street', 99, 910, '635342', 326),
(104, 8, 'Ontario', 'South Granville Street', 21, 869, 'K0C 9Z9', 196),
(105, 3, 'Braga', 'Rua Augusta', 101, NULL, '421-361', 496),
(106, 4, 'Munich', 'Chausseestraße', 107, 109, '27391', 122),
(107, 3, 'Porto', 'Rua da Bica', 167, NULL, '432-516', 137),
(108, 5, 'Paris', 'Rue des Barres', 41, 262, '57234', 350),
(109, 5, 'Marseille', 'Rue des Barres', 147, NULL, '32983', 57),
(110, 3, 'Porto', 'Rua da Bica', 94, 965, '432-516', 199),
(111, 3, 'Porto', 'Rua da Bica', 81, 187, '432-516', 209),
(112, 1, 'Ekaterinburg', 'Svobody Street', 109, 549, '239032', 48),
(113, 8, 'Toronto', 'Saint Laurent Boulevard', 145, 45, 'M9Z 9Z9', 86),
(114, 6, 'Vigo', 'Paseo del Prado', 81, 224, '33724', 488),
(115, 9, 'London', 'Baker Street', 58, 138, 'E1 2BL', 54),
(116, 3, 'Braga', 'Rua da Bica', 65, NULL, '421-361', 145),
(117, 2, 'Chicago', 'Wall Street', 157, 183, '56004', 495),
(118, 6, 'Barcelona', 'Calle Mayor', 128, 603, '01004', 388),
(119, 5, 'Marseille', 'Rue des Rosiers', 187, 570, '32983', 409),
(120, 5, 'Lyon', 'Rue des Barres', 199, NULL, '93274', 455),
(121, 6, 'Barcelona', 'Calle Mayor', 117, 528, '01004', 5),
(122, 1, 'St.Petersburg', 'Svobody Street', 152, 491, '635342', 24),
(123, 6, 'Vigo', 'Calle Mayor', 78, 287, '33724', 367),
(124, 5, 'Lyon', 'Rue Cremieux', 165, 477, '93274', 192),
(125, 6, 'Vigo', 'Calle Huertas', 95, 613, '33724', 376),
(126, 5, 'Paris', 'Rue Chanoinesse', 71, 461, '57234', 299),
(127, 8, 'Toronto', 'South Granville Street', 96, NULL, 'M9Z 9Z9', 426),
(128, 5, 'Paris', 'Rue des Barres', 88, 347, '57234', 57),
(129, 6, 'Barcelona', 'Calle de Preciados', 97, NULL, '01004', 438),
(130, 3, 'Lisbon', 'Rua Augusta', 85, NULL, '145-616', 210),
(131, 9, 'London', 'Oxford Street', 175, 647, 'E1 2BL', 74),
(132, 4, 'Munich', 'Bernauer Straße', 62, 794, '27391', 314),
(133, 3, 'Braga', 'Rua da Bica', 43, 317, '421-361', 119),
(134, 7, 'Rome', 'Via Margutta', 103, 643, '98168', 407),
(135, 3, 'Porto', 'Rua da Bica', 67, 570, '432-516', 437),
(136, 1, 'Moscow', 'Lenin Street', 107, 387, '125130', 180),
(137, 5, 'Paris', 'Rue Chanoinesse', 181, 560, '57234', 114),
(138, 5, 'Paris', 'Rue Cremieux', 141, 117, '57234', 206),
(139, 1, 'St.Petersburg', 'Svobody Street', 164, NULL, '635342', 89),
(140, 5, 'Lyon', 'Rue Cremieux', 79, 188, '93274', 468),
(141, 9, 'London', 'Abbey Road', 44, 480, 'E1 2BL', 419),
(142, 7, 'Rome', 'Via del Corso', 50, 390, '98168', 425),
(143, 1, 'Ekaterinburg', 'Lenin Street', 68, NULL, '239032', 303),
(144, 8, 'London', 'Queen Street', 41, 465, 'N6Z 9Z9', 103),
(145, 8, 'London', 'Queen Street', 115, 29, 'N6Z 9Z9', 289),
(146, 8, 'London', 'Queen Street', 163, 203, 'N6Z 9Z9', 248),
(147, 5, 'Marseille', 'Rue Chanoinesse', 18, 756, '32983', 4),
(148, 6, 'Barcelona', 'Calle Huertas', 7, NULL, '01004', 507),
(149, 7, 'Rome', 'Via del Corso', 104, 470, '98168', 368),
(150, 3, 'Braga', 'Avenida da Liberdade', 93, 955, '421-361', 2),
(151, 9, 'London', 'Baker Street', 119, 935, 'E1 2BL', 115),
(152, 9, 'Oxford', 'Oxford Street', 73, NULL, 'W1G 8RH', 8),
(153, 6, 'Vigo', 'Calle Mayor', 16, NULL, '33724', 348),
(154, 7, 'Rome', "Campo de' Fiori", 118, 848, '98168', 167),
(155, 9, 'Oxford', 'Oxford Street', 53, 321, 'W1G 8RH', 231),
(156, 1, 'Moscow', 'Lenin Street', 118, 812, '125130', 187),
(157, 3, 'Porto', 'Avenida da Liberdade', 146, 998, '432-516', 238),
(158, 1, 'St.Petersburg', 'Svobody Street', 103, NULL, '635342', 240),
(159, 2, 'New York', 'Washington Street', 20, 48, '35004', 68),
(160, 9, 'London', 'Oxford Street', 188, 935, 'E1 2BL', 169),
(161, 4, 'Frankfurt', 'Kurfürstendamm', 118, 335, '56234', 205),
(162, 2, 'New York', 'Ross Clark Circle', 127, 547, '35004', 53),
(163, 5, 'Paris', 'Rue des Rosiers', 39, 511, '57234', 113),
(164, 7, 'Rome', 'Via Margutta', 82, 311, '98168', 62),
(165, 9, 'London', 'Abbey Road', 150, NULL, 'E1 2BL', 154),
(166, 3, 'Lisbon', 'Rua Augusta', 162, 200, '145-616', 340),
(167, 8, 'Ontario', 'Saint Laurent Boulevard', 132, 5, 'K0C 9Z9', 329),
(168, 6, 'Madrid', 'Paseo del Prado', 64, 342, '06923', 405),
(169, 1, 'Ekaterinburg', 'Lenin Street', 114, 587, '239032', 323),
(170, 6, 'Madrid', 'Calle Huertas', 139, 20, '06923', 80),
(171, 6, 'Barcelona', 'Paseo del Prado', 27, NULL, '01004', 184),
(172, 1, 'Ekaterinburg', 'Mira Avenue', 159, 270, '239032', 383),
(173, 9, 'London', 'Oxford Street', 81, 348, 'E1 2BL', 120),
(174, 5, 'Lyon', 'Rue Chanoinesse', 39, NULL, '93274', 465),
(175, 6, 'Barcelona', 'Calle de Preciados', 168, 860, '01004', 185),
(176, 6, 'Madrid', 'Calle de Preciados', 84, 311, '06923', 462),
(177, 4, 'Frankfurt', 'Chausseestraße', 192, 741, '56234', 88),
(178, 9, 'Oxford', 'Baker Street', 170, NULL, 'W1G 8RH', 411),
(179, 8, 'London', 'Queen Street', 172, 233, 'N6Z 9Z9', 310),
(180, 7, 'Rome', "Campo de' Fiori", 87, 62, '98168', 482),
(181, 6, 'Madrid', 'Calle Mayor', 133, 681, '06923', 260),
(182, 2, 'Chicago', 'Ross Clark Circle', 29, 510, '56004', 295),
(183, 3, 'Porto', 'Rua da Bica', 121, 819, '432-516', 452),
(184, 2, 'Chicago', 'Wall Street', 159, 972, '56004', 337),
(185, 6, 'Madrid', 'Calle de Preciados', 47, 353, '06923', 456),
(186, 8, 'Toronto', 'Queen Street', 72, 754, 'M9Z 9Z9', 188),
(187, 6, 'Barcelona', 'Calle Huertas', 38, 341, '01004', 97),
(188, 3, 'Lisbon', 'Rua Augusta', 158, 858, '145-616', 190),
(189, 8, 'London', 'Saint Laurent Boulevard', 106, 800, 'N6Z 9Z9', 382),
(190, 4, 'Berlin', 'Chausseestraße', 50, 508, '76234', 75),
(191, 2, 'New York', 'Washington Street', 140, 121, '35004', 364),
(192, 7, 'Rome', "Campo de' Fiori", 31, 74, '98168', 282),
(193, 9, 'Oxford', 'Baker Street', 193, NULL, 'W1G 8RH', 65),
(194, 7, 'Rome', "Campo de' Fiori", 13, 929, '98168', 77),
(195, 1, 'Ekaterinburg', 'Lenin Street', 162, NULL, '239032', 182),
(196, 4, 'Munich', 'Chausseestraße', 81, 360, '27391', 480),
(197, 6, 'Vigo', 'Calle Huertas', 190, 59, '33724', 316),
(198, 1, 'Ekaterinburg', 'Lenin Street', 89, 999, '239032', 401),
(199, 1, 'Ekaterinburg', 'Lenin Street', 194, 502, '239032', 42),
(200, 7, 'Rome', 'Via Margutta', 74, NULL, '98168', 249),
(201, 6, 'Vigo', 'Calle de Preciados', 197, 570, '33724', 347),
(202, 3, 'Braga', 'Rua Cor de Rosa', 40, 246, '421-361', 377),
(203, 7, 'Rome', 'Via Margutta', 132, 501, '98168', 415),
(204, 7, 'Rome', 'Via Margutta', 83, NULL, '98168', 194),
(205, 3, 'Braga', 'Rua Augusta', 153, NULL, '421-361', 256),
(206, 4, 'Munich', 'Ebertstraße', 64, 700, '27391', 498),
(207, 8, 'London', 'South Granville Street', 56, NULL, 'N6Z 9Z9', 436),
(208, 4, 'Frankfurt', 'Ebertstraße', 98, 370, '56234', 112),
(209, 2, 'Chicago', 'Wall Street', 101, 713, '56004', 375),
(210, 6, 'Vigo', 'Paseo del Prado', 41, NULL, '33724', 96),
(211, 1, 'Ekaterinburg', 'Svobody Street', 1, NULL, '239032', 40),
(212, 1, 'Moscow', 'Svobody Street', 162, NULL, '125130', 315),
(213, 8, 'Toronto', 'Queen Street', 101, 30, 'M9Z 9Z9', 302),
(214, 8, 'London', 'Queen Street', 190, 117, 'N6Z 9Z9', 121),
(215, 8, 'Toronto', 'Saint Laurent Boulevard', 163, 281, 'M9Z 9Z9', 64),
(216, 6, 'Vigo', 'Calle Mayor', 86, 167, '33724', 205),
(217, 8, 'Toronto', 'Saint Laurent Boulevard', 99, 412, 'M9Z 9Z9', 348),
(218, 6, 'Vigo', 'Calle Huertas', 82, NULL, '33724', 413),
(219, 9, 'London', 'Oxford Street', 106, 766, 'E1 2BL', 368),
(220, 8, 'London', 'Saint Laurent Boulevard', 44, 488, 'N6Z 9Z9', 447),
(221, 3, 'Braga', 'Rua Augusta', 184, 548, '421-361', 269),
(222, 7, 'Rome', 'Via Margutta', 89, 699, '98168', 230),
(223, 1, 'Ekaterinburg', 'Svobody Street', 190, 77, '239032', 33),
(224, 8, 'Toronto', 'South Granville Street', 89, 674, 'M9Z 9Z9', 83),
(225, 8, 'Toronto', 'Queen Street', 177, NULL, 'M9Z 9Z9', 153),
(226, 3, 'Lisbon', 'Rua Cor de Rosa', 161, NULL, '145-616', 82),
(227, 4, 'Munich', 'Kurfürstendamm', 22, 939, '27391', 305),
(228, 4, 'Frankfurt', 'Ebertstraße', 183, 544, '56234', 485),
(229, 1, 'Ekaterinburg', 'Lenin Street', 198, 809, '239032', 254),
(230, 2, 'New York', 'Martin Luther King Drive', 5, 273, '35004', 389),
(231, 5, 'Paris', 'Rue Chanoinesse', 22, 999, '57234', 451),
(232, 2, 'San Francisco', 'Washington Street', 144, 265, '14824', 322),
(233, 5, 'Lyon', 'Rue Cremieux', 62, NULL, '93274', 253),
(234, 4, 'Berlin', 'Ebertstraße', 15, 966, '76234', 493),
(235, 4, 'Berlin', 'Chausseestraße', 62, 364, '76234', 464),
(236, 6, 'Madrid', 'Calle de Preciados', 188, 2, '06923', 203),
(237, 6, 'Vigo', 'Calle Mayor', 140, NULL, '33724', 38),
(238, 7, 'Rome', 'Via del Corso', 170, NULL, '98168', 27),
(239, 4, 'Berlin', 'Bernauer Straße', 97, 627, '76234', 398),
(240, 6, 'Madrid', 'Calle Huertas', 72, 967, '06923', 155),
(241, 9, 'London', 'Baker Street', 173, 351, 'E1 2BL', 140),
(242, 9, 'London', 'Abbey Road', 44, NULL, 'E1 2BL', 44),
(243, 6, 'Madrid', 'Calle Mayor', 133, 983, '06923', 11),
(244, 1, 'Ekaterinburg', 'Svobody Street', 198, 220, '239032', 446),
(245, 6, 'Vigo', 'Calle Mayor', 165, 81, '33724', 87),
(246, 4, 'Hamburg', 'Ebertstraße', 67, 776, '25138', 195),
(247, 5, 'Paris', 'Rue Cremieux', 45, NULL, '57234', 313),
(248, 8, 'London', 'South Granville Street', 83, 743, 'N6Z 9Z9', 143),
(249, 6, 'Madrid', 'Calle Huertas', 146, 96, '06923', 250),
(250, 2, 'Boston', 'Washington Street', 199, 974, '37806', 26),
(251, 8, 'Ontario', 'South Granville Street', 130, 406, 'K0C 9Z9', 241),
(252, 3, 'Braga', 'Rua Augusta', 88, 484, '421-361', 203),
(253, 6, 'Barcelona', 'Calle de Preciados', 120, 695, '01004', 510),
(254, 3, 'Porto', 'Avenida da Liberdade', 137, NULL, '432-516', 414),
(255, 4, 'Frankfurt', 'Kurfürstendamm', 90, NULL, '56234', 510),
(256, 5, 'Lyon', 'Rue Chanoinesse', 105, 833, '93274', 413),
(257, 5, 'Marseille', 'Rue Cremieux', 46, NULL, '32983', 258),
(258, 4, 'Munich', 'Bernauer Straße', 40, NULL, '27391', 362),
(259, 5, 'Lyon', 'Rue des Barres', 194, NULL, '93274', 55),
(260, 3, 'Lisbon', 'Rua Cor de Rosa', 45, 591, '145-616', 98),
(261, 4, 'Frankfurt', 'Chausseestraße', 2, 668, '56234', 247),
(262, 3, 'Porto', 'Avenida da Liberdade', 166, 756, '432-516', 450),
(263, 6, 'Vigo', 'Calle Mayor', 143, 572, '33724', 93),
(264, 1, 'St.Petersburg', 'Mira Avenue', 167, 465, '635342', 216),
(265, 3, 'Porto', 'Rua Cor de Rosa', 17, 846, '432-516', 7),
(266, 8, 'Toronto', 'Queen Street', 119, 296, 'M9Z 9Z9', 23),
(267, 5, 'Lyon', 'Rue Cremieux', 11, 363, '93274', 78),
(268, 8, 'Ontario', 'Queen Street', 54, NULL, 'K0C 9Z9', 228),
(269, 5, 'Paris', 'Rue des Barres', 133, 122, '57234', 121),
(270, 7, 'Rome', "Campo de' Fiori", 95, 754, '98168', 63),
(271, 4, 'Hamburg', 'Ebertstraße', 94, 35, '25138', 34),
(272, 5, 'Paris', 'Rue des Rosiers', 145, 447, '57234', 22),
(273, 3, 'Lisbon', 'Avenida da Liberdade', 7, NULL, '145-616', 411),
(274, 4, 'Frankfurt', 'Chausseestraße', 55, 449, '56234', 45),
(275, 3, 'Porto', 'Rua da Bica', 14, 552, '432-516', 53),
(276, 5, 'Paris', 'Rue des Barres', 66, 213, '57234', 151),
(277, 8, 'London', 'Queen Street', 79, NULL, 'N6Z 9Z9', 314),
(278, 5, 'Lyon', 'Rue Cremieux', 175, 506, '93274', 141),
(279, 6, 'Madrid', 'Paseo del Prado', 144, 429, '06923', 37),
(280, 5, 'Marseille', 'Rue des Rosiers', 64, NULL, '32983', 381),
(281, 1, 'St.Petersburg', 'Mira Avenue', 95, 503, '635342', 291),
(282, 1, 'Ekaterinburg', 'Lenin Street', 127, 130, '239032', 404),
(283, 4, 'Frankfurt', 'Kurfürstendamm', 23, 209, '56234', 107),
(284, 4, 'Berlin', 'Kurfürstendamm', 24, 471, '76234', 219),
(285, 5, 'Paris', 'Rue Cremieux', 106, 423, '57234', 459),
(286, 4, 'Munich', 'Kurfürstendamm', 92, 136, '27391', 335),
(287, 3, 'Braga', 'Rua da Bica', 38, 838, '421-361', 152),
(288, 1, 'Moscow', 'Svobody Street', 167, 158, '125130', 427),
(289, 9, 'London', 'Abbey Road', 102, 803, 'E1 2BL', 109),
(290, 1, 'St.Petersburg', 'Mira Avenue', 102, 196, '635342', 459),
(291, 3, 'Braga', 'Avenida da Liberdade', 126, 699, '421-361', 160),
(292, 9, 'Oxford', 'Baker Street', 191, 459, 'W1G 8RH', 235),
(293, 5, 'Marseille', 'Rue Chanoinesse', 171, NULL, '32983', 155),
(294, 3, 'Porto', 'Rua Augusta', 103, 470, '432-516', 117),
(295, 3, 'Braga', 'Rua Augusta', 66, 910, '421-361', 224),
(296, 3, 'Porto', 'Rua Augusta', 185, 841, '432-516', 20),
(297, 8, 'Toronto', 'Saint Laurent Boulevard', 122, 401, 'M9Z 9Z9', 385),
(298, 5, 'Lyon', 'Rue des Barres', 8, 30, '93274', 223),
(299, 6, 'Madrid', 'Paseo del Prado', 50, 877, '06923', 141),
(300, 1, 'Moscow', 'Mira Avenue', 119, 419, '125130', 374),
(301, 7, 'Rome', 'Via Margutta', 90, 585, '98168', 395),
(302, 5, 'Lyon', 'Rue des Rosiers', 112, NULL, '93274', 238),
(303, 2, 'San Francisco', 'Martin Luther King Drive', 122, 234, '14824', 138),
(304, 6, 'Madrid', 'Calle Mayor', 187, 352, '06923', 426),
(305, 4, 'Munich', 'Ebertstraße', 196, 254, '27391', 449),
(306, 6, 'Barcelona', 'Calle de Preciados', 89, 18, '01004', 51),
(307, 6, 'Vigo', 'Calle Mayor', 79, NULL, '33724', 85),
(308, 3, 'Porto', 'Avenida da Liberdade', 44, 671, '432-516', 6),
(309, 8, 'London', 'Saint Laurent Boulevard', 85, 412, 'N6Z 9Z9', 240),
(310, 2, 'Boston', 'Ross Clark Circle', 42, 835, '37806', 128),
(311, 8, 'Ontario', 'Saint Laurent Boulevard', 61, 101, 'K0C 9Z9', 123),
(312, 3, 'Porto', 'Rua Cor de Rosa', 147, 116, '432-516', 386),
(313, 2, 'New York', 'Ross Clark Circle', 18, 383, '35004', 279),
(314, 7, 'Rome', "Campo de' Fiori", 77, NULL, '98168', 220),
(315, 7, 'Rome', "Campo de' Fiori", 89, 461, '98168', 76),
(316, 1, 'Moscow', 'Lenin Street', 105, 173, '125130', 341),
(317, 9, 'London', 'Abbey Road', 148, 767, 'E1 2BL', 343),
(318, 1, 'St.Petersburg', 'Svobody Street', 84, 398, '635342', 169),
(319, 5, 'Marseille', 'Rue Cremieux', 87, 524, '32983', 187),
(320, 8, 'Toronto', 'Saint Laurent Boulevard', 192, 139, 'M9Z 9Z9', 317),
(321, 1, 'St.Petersburg', 'Svobody Street', 92, NULL, '635342', 270),
(322, 6, 'Madrid', 'Paseo del Prado', 138, 455, '06923', 194),
(323, 9, 'London', 'Oxford Street', 62, 761, 'E1 2BL', 353),
(324, 6, 'Barcelona', 'Paseo del Prado', 29, NULL, '01004', 195),
(325, 4, 'Munich', 'Chausseestraße', 51, 550, '27391', 461),
(326, 6, 'Madrid', 'Calle Mayor', 137, 342, '06923', 189),
(327, 2, 'Boston', 'Washington Street', 101, NULL, '37806', 300),
(328, 6, 'Vigo', 'Calle Huertas', 110, NULL, '33724', 124),
(329, 5, 'Lyon', 'Rue des Barres', 9, NULL, '93274', 432),
(330, 9, 'London', 'Oxford Street', 95, NULL, 'E1 2BL', 478),
(331, 7, 'Rome', 'Via Margutta', 154, 965, '98168', 304),
(332, 2, 'Boston', 'Ross Clark Circle', 169, 717, '37806', 10),
(333, 5, 'Lyon', 'Rue Cremieux', 101, NULL, '93274', 58),
(334, 6, 'Vigo', 'Paseo del Prado', 125, 253, '33724', 432),
(335, 1, 'Moscow', '1905 Street', 58, 54, '125130', 429),
(336, 4, 'Berlin', 'Bernauer Straße', 110, 231, '76234', 62),
(337, 7, 'Rome', "Campo de' Fiori", 48, 35, '98168', 408),
(338, 5, 'Paris', 'Rue des Barres', 53, NULL, '57234', 489),
(339, 9, 'London', 'Oxford Street', 69, 506, 'E1 2BL', 204),
(340, 6, 'Barcelona', 'Calle de Preciados', 127, 767, '01004', 39),
(341, 5, 'Marseille', 'Rue des Rosiers', 177, 835, '32983', 46),
(342, 2, 'San Francisco', 'Wall Street', 143, 705, '14824', 131),
(343, 6, 'Vigo', 'Calle Huertas', 106, 680, '33724', 271),
(344, 7, 'Rome', 'Via Margutta', 89, 202, '98168', 275),
(345, 8, 'Ontario', 'Saint Laurent Boulevard', 20, 790, 'K0C 9Z9', 170),
(346, 8, 'London', 'Saint Laurent Boulevard', 13, 226, 'N6Z 9Z9', 371),
(347, 8, 'Toronto', 'Queen Street', 50, NULL, 'M9Z 9Z9', 342),
(348, 1, 'Ekaterinburg', 'Lenin Street', 2, 968, '239032', 505),
(349, 1, 'Moscow', 'Mira Avenue', 38, 700, '125130', 166),
(350, 3, 'Braga', 'Avenida da Liberdade', 151, 362, '421-361', 512),
(351, 4, 'Hamburg', 'Chausseestraße', 89, NULL, '25138', 448),
(352, 7, 'Rome', 'Via del Corso', 52, NULL, '98168', 365),
(353, 6, 'Barcelona', 'Calle Huertas', 60, NULL, '01004', 431),
(354, 6, 'Vigo', 'Calle Huertas', 68, NULL, '33724', 457),
(355, 6, 'Vigo', 'Paseo del Prado', 160, 466, '33724', 211),
(356, 6, 'Vigo', 'Paseo del Prado', 191, 379, '33724', 18),
(357, 3, 'Lisbon', 'Rua Augusta', 14, 855, '145-616', 221),
(358, 5, 'Paris', 'Rue des Barres', 185, 441, '57234', 142),
(359, 5, 'Paris', 'Rue Cremieux', 126, 209, '57234', 344),
(360, 5, 'Paris', 'Rue Cremieux', 33, 333, '57234', 454),
(361, 8, 'London', 'South Granville Street', 193, 86, 'N6Z 9Z9', 509),
(362, 3, 'Lisbon', 'Avenida da Liberdade', 72, NULL, '145-616', 31),
(363, 9, 'Oxford', 'Oxford Street', 59, 484, 'W1G 8RH', 277),
(364, 1, 'Moscow', 'Svobody Street', 62, 980, '125130', 94),
(365, 8, 'Toronto', 'South Granville Street', 9, 600, 'M9Z 9Z9', 101),
(366, 5, 'Lyon', 'Rue des Rosiers', 66, 312, '93274', 116),
(367, 4, 'Berlin', 'Kurfürstendamm', 160, 111, '76234', 30),
(368, 8, 'Toronto', 'Saint Laurent Boulevard', 188, 425, 'M9Z 9Z9', 442),
(369, 6, 'Vigo', 'Calle Mayor', 39, NULL, '33724', 19),
(370, 9, 'London', 'Oxford Street', 11, 941, 'E1 2BL', 231),
(371, 2, 'Chicago', 'Wall Street', 9, NULL, '56004', 285),
(372, 9, 'London', 'Oxford Street', 37, 484, 'E1 2BL', 215),
(373, 7, 'Rome', 'Via della Conciliazione', 49, NULL, '98168', 319),
(374, 4, 'Hamburg', 'Kurfürstendamm', 40, NULL, '25138', 86),
(375, 9, 'Oxford', 'Baker Street', 101, 512, 'W1G 8RH', 164),
(376, 3, 'Braga', 'Avenida da Liberdade', 198, 915, '421-361', 417),
(377, 2, 'Chicago', 'Washington Street', 52, 791, '56004', 91),
(378, 7, 'Rome', 'Via del Corso', 102, 79, '98168', 87),
(379, 4, 'Hamburg', 'Kurfürstendamm', 91, NULL, '25138', 176),
(380, 9, 'Oxford', 'Oxford Street', 77, 63, 'W1G 8RH', 444),
(381, 4, 'Berlin', 'Kurfürstendamm', 135, 946, '76234', 144),
(382, 4, 'Hamburg', 'Bernauer Straße', 3, NULL, '25138', 291),
(383, 8, 'Toronto', 'Queen Street', 33, 793, 'M9Z 9Z9', 355),
(384, 1, 'St.Petersburg', '1905 Street', 182, 516, '635342', 424),
(385, 5, 'Paris', 'Rue Chanoinesse', 149, 703, '57234', 236),
(386, 4, 'Munich', 'Kurfürstendamm', 179, 360, '27391', 469),
(387, 6, 'Madrid', 'Calle de Preciados', 94, 982, '06923', 298),
(388, 2, 'San Francisco', 'Wall Street', 44, 870, '14824', 111),
(389, 8, 'Ontario', 'Saint Laurent Boulevard', 132, 394, 'K0C 9Z9', 487),
(390, 6, 'Vigo', 'Paseo del Prado', 52, 723, '33724', 28),
(391, 8, 'Toronto', 'South Granville Street', 172, NULL, 'M9Z 9Z9', 339),
(392, 2, 'San Francisco', 'Washington Street', 185, 526, '14824', 79),
(393, 3, 'Braga', 'Rua Cor de Rosa', 124, 653, '421-361', 301),
(394, 4, 'Frankfurt', 'Ebertstraße', 141, 212, '56234', 1),
(395, 3, 'Lisbon', 'Rua Cor de Rosa', 100, 786, '145-616', 84),
(396, 5, 'Paris', 'Rue des Rosiers', 144, 48, '57234', 439),
(397, 8, 'London', 'Saint Laurent Boulevard', 11, 408, 'N6Z 9Z9', 359),
(398, 5, 'Marseille', 'Rue Cremieux', 138, NULL, '32983', 174),
(399, 8, 'Toronto', 'Queen Street', 162, 230, 'M9Z 9Z9', 387),
(400, 9, 'London', 'Abbey Road', 27, 622, 'E1 2BL', 232),
(401, 5, 'Paris', 'Rue Cremieux', 52, NULL, '57234', 88),
(402, 1, 'Ekaterinburg', 'Svobody Street', 181, 920, '239032', 278),
(403, 9, 'London', 'Oxford Street', 131, 738, 'E1 2BL', 504),
(404, 2, 'Boston', 'Ross Clark Circle', 150, 488, '37806', 354),
(405, 5, 'Lyon', 'Rue des Rosiers', 172, 437, '93274', 147),
(406, 9, 'Oxford', 'Oxford Street', 43, NULL, 'W1G 8RH', 191),
(407, 2, 'Boston', 'Martin Luther King Drive', 146, 823, '37806', 48),
(408, 8, 'Toronto', 'Queen Street', 157, 864, 'M9Z 9Z9', 147),
(409, 9, 'London', 'Abbey Road', 179, 942, 'E1 2BL', 49),
(410, 6, 'Vigo', 'Calle de Preciados', 51, 266, '33724', 361),
(411, 7, 'Rome', "Campo de' Fiori", 146, 211, '98168', 139),
(412, 1, 'St.Petersburg', 'Svobody Street', 168, 938, '635342', 146),
(413, 3, 'Lisbon', 'Rua Cor de Rosa', 64, 366, '145-616', 212),
(414, 3, 'Braga', 'Rua Cor de Rosa', 24, 8, '421-361', 293),
(415, 6, 'Barcelona', 'Calle Mayor', 151, NULL, '01004', 444),
(416, 1, 'St.Petersburg', '1905 Street', 90, 14, '635342', 496),
(417, 2, 'New York', 'Martin Luther King Drive', 4, 705, '35004', 14),
(418, 5, 'Lyon', 'Rue des Barres', 23, 295, '93274', 421),
(419, 1, 'Moscow', 'Mira Avenue', 44, 86, '125130', 92),
(420, 8, 'London', 'South Granville Street', 38, 147, 'N6Z 9Z9', 160),
(421, 8, 'Toronto', 'South Granville Street', 167, 135, 'M9Z 9Z9', 159),
(422, 2, 'Boston', 'Washington Street', 26, 396, '37806', 484),
(423, 9, 'Oxford', 'Baker Street', 182, 645, 'W1G 8RH', 369),
(424, 2, 'Boston', 'Ross Clark Circle', 38, 199, '37806', 475),
(425, 5, 'Paris', 'Rue Cremieux', 195, NULL, '57234', 39),
(426, 8, 'Toronto', 'South Granville Street', 75, 812, 'M9Z 9Z9', 282),
(427, 6, 'Barcelona', 'Calle de Preciados', 108, 285, '01004', 331),
(428, 9, 'Oxford', 'Baker Street', 97, 123, 'W1G 8RH', 508),
(429, 8, 'Toronto', 'Queen Street', 161, 879, 'M9Z 9Z9', 382),
(430, 3, 'Lisbon', 'Rua Cor de Rosa', 42, 834, '145-616', 376),
(431, 6, 'Barcelona', 'Calle Mayor', 116, NULL, '01004', 370),
(432, 6, 'Vigo', 'Paseo del Prado', 94, 601, '33724', 110),
(433, 1, 'Moscow', '1905 Street', 93, 319, '125130', 334),
(434, 1, 'Ekaterinburg', '1905 Street', 25, 915, '239032', 318),
(435, 7, 'Rome', 'Via del Corso', 103, 762, '98168', 268),
(436, 2, 'Chicago', 'Washington Street', 128, 849, '56004', 148),
(437, 8, 'Toronto', 'Saint Laurent Boulevard', 14, 282, 'M9Z 9Z9', 237),
(438, 9, 'Oxford', 'Baker Street', 59, 477, 'W1G 8RH', 317),
(439, 9, 'London', 'Abbey Road', 85, NULL, 'E1 2BL', 234),
(440, 8, 'Ontario', 'South Granville Street', 105, 198, 'K0C 9Z9', 278),
(441, 4, 'Berlin', 'Kurfürstendamm', 46, 784, '76234', 292),
(442, 7, 'Rome', 'Via del Corso', 184, 273, '98168', 473),
(443, 1, 'St.Petersburg', 'Mira Avenue', 170, 691, '635342', 492),
(444, 7, 'Rome', 'Via Margutta', 125, 17, '98168', 69),
(445, 5, 'Paris', 'Rue des Rosiers', 120, 325, '57234', 433),
(446, 6, 'Barcelona', 'Calle Huertas', 162, 933, '01004', 311),
(447, 9, 'Oxford', 'Oxford Street', 27, 910, 'W1G 8RH', 111),
(448, 8, 'Ontario', 'Saint Laurent Boulevard', 144, 958, 'K0C 9Z9', 379),
(449, 5, 'Marseille', 'Rue des Barres', 76, 769, '32983', 248),
(450, 2, 'New York', 'Martin Luther King Drive', 154, 595, '35004', 7),
(451, 2, 'Boston', 'Wall Street', 127, 293, '37806', 105),
(452, 1, 'St.Petersburg', 'Lenin Street', 172, NULL, '635342', 118),
(453, 8, 'London', 'South Granville Street', 175, NULL, 'N6Z 9Z9', 15),
(454, 1, 'Ekaterinburg', 'Lenin Street', 33, 738, '239032', 125),
(455, 1, 'St.Petersburg', 'Lenin Street', 128, NULL, '635342', 266),
(456, 1, 'Ekaterinburg', 'Svobody Street', 87, 302, '239032', 213),
(457, 2, 'Chicago', 'Wall Street', 108, 589, '56004', 352),
(458, 7, 'Rome', 'Via della Conciliazione', 36, 960, '98168', 380),
(459, 8, 'Toronto', 'South Granville Street', 56, 4, 'M9Z 9Z9', 393),
(460, 7, 'Rome', "Campo de' Fiori", 13, 598, '98168', 14),
(461, 1, 'St.Petersburg', 'Svobody Street', 19, 423, '635342', 201),
(462, 5, 'Paris', 'Rue Chanoinesse', 126, 41, '57234', 67),
(463, 8, 'London', 'Queen Street', 36, 45, 'N6Z 9Z9', 346),
(464, 8, 'London', 'Saint Laurent Boulevard', 56, 842, 'N6Z 9Z9', 333),
(465, 7, 'Rome', 'Via della Conciliazione', 45, NULL, '98168', 242),
(466, 3, 'Porto', 'Avenida da Liberdade', 23, 463, '432-516', 422),
(467, 1, 'Ekaterinburg', 'Mira Avenue', 117, 838, '239032', 59),
(468, 7, 'Rome', 'Via del Corso', 122, NULL, '98168', 392),
(469, 5, 'Lyon', 'Rue des Rosiers', 83, 110, '93274', 181),
(470, 2, 'San Francisco', 'Martin Luther King Drive', 2, 241, '14824', 500),
(471, 9, 'Oxford', 'Abbey Road', 198, 168, 'W1G 8RH', 233),
(472, 3, 'Braga', 'Rua da Bica', 117, NULL, '421-361', 506),
(473, 1, 'Moscow', '1905 Street', 144, 512, '125130', 197),
(474, 1, 'Ekaterinburg', 'Mira Avenue', 33, 689, '239032', 168),
(475, 8, 'London', 'Saint Laurent Boulevard', 77, 647, 'N6Z 9Z9', 362),
(476, 8, 'Ontario', 'South Granville Street', 198, 766, 'K0C 9Z9', 484),
(477, 4, 'Frankfurt', 'Bernauer Straße', 167, 115, '56234', 17),
(478, 6, 'Vigo', 'Calle Mayor', 164, NULL, '33724', 257),
(479, 1, 'Ekaterinburg', '1905 Street', 126, 722, '239032', 82),
(480, 8, 'Ontario', 'South Granville Street', 51, 712, 'K0C 9Z9', 288),
(481, 9, 'Oxford', 'Abbey Road', 57, 379, 'W1G 8RH', 438),
(482, 4, 'Berlin', 'Chausseestraße', 87, 413, '76234', 218),
(483, 3, 'Braga', 'Rua da Bica', 29, 665, '421-361', 214),
(484, 5, 'Paris', 'Rue des Barres', 66, 562, '57234', 372),
(485, 7, 'Rome', 'Via del Corso', 62, NULL, '98168', 126),
(486, 9, 'Oxford', 'Oxford Street', 195, 779, 'W1G 8RH', 135),
(487, 7, 'Rome', "Campo de' Fiori", 178, 382, '98168', 210),
(488, 7, 'Rome', 'Via del Corso', 27, 35, '98168', 386),
(489, 7, 'Rome', 'Via Margutta', 181, 577, '98168', 149),
(490, 8, 'London', 'Queen Street', 181, 726, 'N6Z 9Z9', 339),
(491, 9, 'Oxford', 'Baker Street', 140, 195, 'W1G 8RH', 127),
(492, 9, 'Oxford', 'Baker Street', 49, 408, 'W1G 8RH', 271),
(493, 6, 'Barcelona', 'Calle Huertas', 166, 282, '01004', 162),
(494, 7, 'Rome', "Campo de' Fiori", 80, 745, '98168', 439),
(495, 4, 'Munich', 'Chausseestraße', 146, 545, '27391', 430),
(496, 1, 'Ekaterinburg', 'Lenin Street', 9, 340, '239032', 179),
(497, 2, 'Boston', 'Martin Luther King Drive', 68, NULL, '37806', 103),
(498, 7, 'Rome', 'Via Margutta', 178, 869, '98168', 351),
(499, 3, 'Porto', 'Rua Augusta', 184, 880, '432-516', 415),
(500, 8, 'Toronto', 'Queen Street', 170, 740, 'M9Z 9Z9', 309),
(501, 6, 'Vigo', 'Calle Huertas', 26, 405, '33724', 418),
(502, 7, 'Rome', 'Via del Corso', 74, 406, '98168', 134),
(503, 8, 'London', 'Queen Street', 86, 499, 'N6Z 9Z9', 183),
(504, 4, 'Frankfurt', 'Kurfürstendamm', 94, 727, '56234', 143),
(505, 2, 'Chicago', 'Ross Clark Circle', 14, NULL, '56004', 434),
(506, 5, 'Paris', 'Rue des Barres', 120, NULL, '57234', 25),
(507, 5, 'Paris', 'Rue des Barres', 126, 745, '57234', 410),
(508, 2, 'Chicago', 'Washington Street', 152, NULL, '56004', 299),
(509, 2, 'San Francisco', 'Washington Street', 67, 517, '14824', 460),
(510, 2, 'Boston', 'Ross Clark Circle', 184, 840, '37806', 338),
(511, 8, 'London', 'Queen Street', 197, NULL, 'N6Z 9Z9', 229),
(512, 9, 'London', 'Oxford Street', 7, 304, 'E1 2BL', 262),
(513, 2, 'Boston', 'Wall Street', 9, NULL, '37806', 41),
(514, 1, 'St.Petersburg', 'Svobody Street', 115, 313, '635342', 276),
(515, 3, 'Lisbon', 'Rua da Bica', 59, 157, '145-616', 21),
(516, 8, 'Ontario', 'South Granville Street', 182, 16, 'K0C 9Z9', 481),
(517, 7, 'Rome', 'Via Margutta', 27, NULL, '98168', 478),
(518, 1, 'Moscow', 'Svobody Street', 153, 685, '125130', 446),
(519, 9, 'London', 'Baker Street', 33, 289, 'E1 2BL', 455),
(520, 5, 'Marseille', 'Rue Cremieux', 189, 199, '32983', 102),
(521, 9, 'Oxford', 'Baker Street', 62, 9, 'W1G 8RH', 246),
(522, 8, 'Ontario', 'Queen Street', 81, NULL, 'K0C 9Z9', 471),
(523, 2, 'Boston', 'Washington Street', 77, 983, '37806', 394),
(524, 4, 'Berlin', 'Kurfürstendamm', 17, 58, '76234', 196),
(525, 6, 'Barcelona', 'Calle Huertas', 164, 141, '01004', 403),
(526, 8, 'Ontario', 'Queen Street', 131, NULL, 'K0C 9Z9', 158),
(527, 2, 'Chicago', 'Ross Clark Circle', 36, 555, '56004', 272),
(528, 8, 'Toronto', 'Saint Laurent Boulevard', 126, 907, 'M9Z 9Z9', 263),
(529, 2, 'Boston', 'Washington Street', 186, 120, '37806', 407),
(530, 3, 'Lisbon', 'Rua da Bica', 121, 269, '145-616', 222),
(531, 1, 'Moscow', 'Lenin Street', 171, 981, '125130', 12),
(532, 1, 'St.Petersburg', 'Mira Avenue', 119, NULL, '635342', 340),
(533, 1, 'Ekaterinburg', 'Mira Avenue', 22, 293, '239032', 327),
(534, 9, 'London', 'Baker Street', 178, 311, 'E1 2BL', 324),
(535, 3, 'Lisbon', 'Rua Cor de Rosa', 60, 749, '145-616', 251),
(536, 9, 'London', 'Baker Street', 91, 847, 'E1 2BL', 284),
(537, 1, 'Ekaterinburg', 'Mira Avenue', 77, NULL, '239032', 321),
(538, 2, 'New York', 'Washington Street', 120, NULL, '35004', 171),
(539, 7, 'Rome', "Campo de' Fiori", 132, NULL, '98168', 156),
(540, 1, 'St.Petersburg', 'Svobody Street', 2, 818, '635342', 381),
(541, 4, 'Hamburg', 'Chausseestraße', 16, 508, '25138', 412),
(542, 6, 'Madrid', 'Calle de Preciados', 40, 10, '06923', 257),
(543, 7, 'Rome', "Campo de' Fiori", 51, 459, '98168', 116),
(544, 9, 'London', 'Oxford Street', 39, 678, 'E1 2BL', 435),
(545, 9, 'London', 'Oxford Street', 171, NULL, 'E1 2BL', 363),
(546, 1, 'St.Petersburg', 'Lenin Street', 90, 89, '635342', 264),
(547, 8, 'London', 'Saint Laurent Boulevard', 62, 64, 'N6Z 9Z9', 501),
(548, 6, 'Vigo', 'Paseo del Prado', 181, 242, '33724', 58),
(549, 8, 'Toronto', 'South Granville Street', 112, 77, 'M9Z 9Z9', 91),
(550, 7, 'Rome', 'Via Margutta', 51, 322, '98168', 495),
(551, 3, 'Braga', 'Rua Cor de Rosa', 93, 219, '421-361', 114),
(552, 3, 'Lisbon', 'Avenida da Liberdade', 89, NULL, '145-616', 200),
(553, 2, 'New York', 'Martin Luther King Drive', 187, 160, '35004', 245),
(554, 1, 'St.Petersburg', 'Mira Avenue', 44, 672, '635342', 494),
(555, 3, 'Braga', 'Rua Cor de Rosa', 66, 246, '421-361', 486),
(556, 7, 'Rome', 'Via della Conciliazione', 189, 578, '98168', 441),
(557, 9, 'London', 'Abbey Road', 199, NULL, 'E1 2BL', 440),
(558, 8, 'Ontario', 'Queen Street', 110, NULL, 'K0C 9Z9', 243),
(559, 3, 'Lisbon', 'Rua Augusta', 136, 204, '145-616', 132),
(560, 1, 'Moscow', 'Svobody Street', 192, 496, '125130', 477),
(561, 3, 'Porto', 'Avenida da Liberdade', 119, 643, '432-516', 204),
(562, 1, 'Moscow', '1905 Street', 10, 623, '125130', 396),
(563, 4, 'Berlin', 'Kurfürstendamm', 140, NULL, '76234', 97),
(564, 6, 'Vigo', 'Calle Mayor', 40, 742, '33724', 9),
(565, 6, 'Vigo', 'Calle Mayor', 51, 40, '33724', 323),
(566, 3, 'Porto', 'Rua da Bica', 59, NULL, '432-516', 50),
(567, 2, 'San Francisco', 'Martin Luther King Drive', 158, NULL, '14824', 511),
(568, 8, 'Ontario', 'Queen Street', 103, 631, 'K0C 9Z9', 71),
(569, 8, 'Ontario', 'Queen Street', 127, NULL, 'K0C 9Z9', 388),
(570, 6, 'Barcelona', 'Calle Mayor', 182, 633, '01004', 129),
(571, 6, 'Barcelona', 'Calle Mayor', 92, 355, '01004', 3),
(572, 1, 'Moscow', 'Lenin Street', 92, 792, '125130', 29),
(573, 9, 'Oxford', 'Abbey Road', 18, 806, 'W1G 8RH', 423),
(574, 6, 'Barcelona', 'Calle Huertas', 41, NULL, '01004', 336),
(575, 5, 'Lyon', 'Rue Cremieux', 167, 384, '93274', 321),
(576, 4, 'Hamburg', 'Bernauer Straße', 7, 779, '25138', 253),
(577, 5, 'Marseille', 'Rue des Barres', 145, 202, '32983', 490),
(578, 3, 'Porto', 'Rua Cor de Rosa', 46, 975, '432-516', 74),
(579, 9, 'Oxford', 'Oxford Street', 72, NULL, 'W1G 8RH', 165),
(580, 9, 'London', 'Oxford Street', 122, NULL, 'E1 2BL', 255),
(581, 4, 'Berlin', 'Bernauer Straße', 60, NULL, '76234', 328),
(582, 9, 'London', 'Oxford Street', 89, 105, 'E1 2BL', 89),
(583, 1, 'St.Petersburg', 'Lenin Street', 14, 103, '635342', 502),
(584, 6, 'Vigo', 'Calle Mayor', 137, 485, '33724', 177),
(585, 3, 'Braga', 'Rua Augusta', 13, 26, '421-361', 366),
(586, 5, 'Paris', 'Rue Cremieux', 67, 360, '57234', 161),
(587, 3, 'Lisbon', 'Avenida da Liberdade', 43, NULL, '145-616', 83),
(588, 9, 'London', 'Abbey Road', 93, 754, 'E1 2BL', 307),
(589, 3, 'Porto', 'Rua da Bica', 76, 518, '432-516', 436),
(590, 9, 'Oxford', 'Baker Street', 185, 700, 'W1G 8RH', 265),
(591, 4, 'Frankfurt', 'Ebertstraße', 174, 837, '56234', 70),
(592, 5, 'Lyon', 'Rue Cremieux', 158, 540, '93274', 184),
(593, 8, 'London', 'Saint Laurent Boulevard', 81, 472, 'N6Z 9Z9', 66),
(594, 1, 'St.Petersburg', 'Svobody Street', 3, 492, '635342', 85),
(595, 4, 'Frankfurt', 'Kurfürstendamm', 136, 856, '56234', 6),
(596, 1, 'St.Petersburg', 'Mira Avenue', 34, NULL, '635342', 16),
(597, 7, 'Rome', 'Via del Corso', 81, 358, '98168', 479),
(598, 4, 'Hamburg', 'Bernauer Straße', 25, 400, '25138', 305),
(599, 5, 'Paris', 'Rue Chanoinesse', 22, 361, '57234', 60),
(600, 1, 'St.Petersburg', 'Mira Avenue', 182, 730, '635342', 100),
(601, 3, 'Braga', 'Rua da Bica', 116, 883, '421-361', 11),
(602, 3, 'Lisbon', 'Rua Cor de Rosa', 15, 880, '145-616', 476),
(603, 2, 'New York', 'Washington Street', 25, NULL, '35004', 72),
(604, 1, 'Moscow', '1905 Street', 95, 519, '125130', 252),
(605, 5, 'Marseille', 'Rue des Rosiers', 185, 117, '32983', 115),
(606, 9, 'London', 'Abbey Road', 178, 458, 'E1 2BL', 161),
(607, 3, 'Porto', 'Rua Augusta', 90, 930, '432-516', 137),
(608, 9, 'Oxford', 'Oxford Street', 121, 269, 'W1G 8RH', 227),
(609, 5, 'Marseille', 'Rue des Barres', 133, 799, '32983', 492),
(610, 5, 'Paris', 'Rue des Rosiers', 165, NULL, '57234', 256),
(611, 7, 'Rome', "Campo de' Fiori", 124, 877, '98168', 232),
(612, 5, 'Paris', 'Rue Chanoinesse', 187, 273, '57234', 239),
(613, 5, 'Paris', 'Rue Cremieux', 48, 258, '57234', 73),
(614, 4, 'Hamburg', 'Kurfürstendamm', 197, 949, '25138', 29),
(615, 7, 'Rome', "Campo de' Fiori", 10, 972, '98168', 320),
(616, 4, 'Hamburg', 'Ebertstraße', 96, 978, '25138', 431),
(617, 9, 'Oxford', 'Baker Street', 61, 803, 'W1G 8RH', 334),
(618, 7, 'Rome', "Campo de' Fiori", 140, 585, '98168', 18),
(619, 4, 'Munich', 'Kurfürstendamm', 89, 93, '27391', 19),
(620, 6, 'Vigo', 'Calle Mayor', 166, 120, '33724', 61),
(621, 1, 'St.Petersburg', 'Lenin Street', 159, 655, '635342', 124),
(622, 3, 'Porto', 'Rua da Bica', 1, 687, '432-516', 35),
(623, 7, 'Rome', 'Via della Conciliazione', 47, 672, '98168', 117),
(624, 6, 'Vigo', 'Calle Huertas', 118, 765, '33724', 150),
(625, 5, 'Lyon', 'Rue des Barres', 124, 925, '93274', 311),
(626, 8, 'Ontario', 'Saint Laurent Boulevard', 134, NULL, 'K0C 9Z9', 95),
(627, 6, 'Vigo', 'Paseo del Prado', 2, 568, '33724', 179),
(628, 4, 'Berlin', 'Bernauer Straße', 68, 95, '76234', 458),
(629, 1, 'St.Petersburg', 'Svobody Street', 162, NULL, '635342', 390),
(630, 4, 'Berlin', 'Chausseestraße', 184, 966, '76234', 296),
(631, 6, 'Vigo', 'Calle de Preciados', 71, NULL, '33724', 373),
(632, 4, 'Frankfurt', 'Bernauer Straße', 112, 462, '56234', 453),
(633, 6, 'Madrid', 'Calle Mayor', 29, 883, '06923', 406),
(634, 6, 'Madrid', 'Calle Huertas', 164, 330, '06923', 198),
(635, 8, 'Toronto', 'Queen Street', 66, 195, 'M9Z 9Z9', 428),
(636, 6, 'Vigo', 'Calle de Preciados', 175, 149, '33724', 35),
(637, 4, 'Frankfurt', 'Chausseestraße', 28, 973, '56234', 176),
(638, 4, 'Frankfurt', 'Ebertstraße', 69, 586, '56234', 241),
(639, 2, 'Chicago', 'Martin Luther King Drive', 175, 427, '56004', 391),
(640, 7, 'Rome', 'Via della Conciliazione', 173, 919, '98168', 330),
(641, 3, 'Lisbon', 'Rua Augusta', 11, 281, '145-616', 178),
(642, 1, 'Ekaterinburg', 'Svobody Street', 24, NULL, '239032', 246),
(643, 5, 'Lyon', 'Rue Cremieux', 188, 610, '93274', 479),
(644, 3, 'Porto', 'Avenida da Liberdade', 165, 859, '432-516', 25),
(645, 9, 'London', 'Abbey Road', 51, 297, 'E1 2BL', 32),
(646, 7, 'Rome', 'Via Margutta', 24, 109, '98168', 420),
(647, 8, 'Ontario', 'South Granville Street', 127, NULL, 'K0C 9Z9', 73),
(648, 3, 'Braga', 'Rua Cor de Rosa', 47, NULL, '421-361', 157),
(649, 9, 'London', 'Oxford Street', 111, NULL, 'E1 2BL', 47),
(650, 6, 'Barcelona', 'Paseo del Prado', 185, 582, '01004', 416),
(651, 9, 'Oxford', 'Abbey Road', 188, 663, 'W1G 8RH', 336),
(652, 2, 'Boston', 'Martin Luther King Drive', 63, NULL, '37806', 351),
(653, 1, 'Ekaterinburg', '1905 Street', 177, 467, '239032', 280),
(654, 7, 'Rome', 'Via della Conciliazione', 60, 403, '98168', 349),
(655, 6, 'Madrid', 'Calle Huertas', 48, 548, '06923', 267),
(656, 2, 'Boston', 'Wall Street', 141, 701, '37806', 244),
(657, 4, 'Frankfurt', 'Chausseestraße', 161, 588, '56234', 81),
(658, 8, 'Toronto', 'Queen Street', 95, 781, 'M9Z 9Z9', 470),
(659, 6, 'Barcelona', 'Paseo del Prado', 75, 61, '01004', 173),
(660, 6, 'Madrid', 'Calle de Preciados', 185, 740, '06923', 104),
(661, 4, 'Hamburg', 'Ebertstraße', 26, 438, '25138', 130),
(662, 6, 'Barcelona', 'Paseo del Prado', 88, 721, '01004', 308),
(663, 8, 'London', 'Queen Street', 54, NULL, 'N6Z 9Z9', 99),
(664, 8, 'London', 'Queen Street', 158, 796, 'N6Z 9Z9', 13),
(665, 9, 'London', 'Abbey Road', 142, 238, 'E1 2BL', 172),
(666, 3, 'Lisbon', 'Rua Augusta', 15, 917, '145-616', 424);

INSERT INTO `order` (`ID`, `DATE`, `DEADLINE_DATE`, `STATUS_ID`, `CUSTOMER_ID`, `ADDRESS_ID`) VALUES
(1, '2020-01-23', '2020-01-26', 4, 281, 78),
(2, '2020-01-24', '2020-01-27', 6, 21, 515),
(3, '2020-01-29', '2020-02-01', 6, 491, 41),
(4, '2020-02-09', '2020-02-12', 4, 398, 239),
(5, '2020-02-21', '2020-02-24', 4, 486, 555),
(6, '2020-02-24', '2020-02-27', 6, 296, 630),
(7, '2020-03-03', '2020-03-06', 4, 479, 597),
(8, '2020-03-04', '2020-03-07', 6, 374, 300),
(9, '2020-03-04', '2020-03-07', 6, 430, 495),
(10, '2020-03-12', '2020-03-15', 5, 59, 467),
(11, '2020-03-31', '2020-04-03', 5, 291, 382),
(12, '2020-04-09', '2020-04-12', 5, 244, 656),
(13, '2020-04-12', '2020-04-15', 5, 479, 597),
(14, '2020-04-19', '2020-04-22', 4, 21, 515),
(15, '2020-04-22', '2020-04-25', 6, 298, 387),
(16, '2020-04-30', '2020-05-03', 5, 166, 349),
(17, '2020-05-02', '2020-05-05', 4, 298, 387),
(18, '2020-05-10', '2020-05-13', 6, 349, 654),
(19, '2020-05-12', '2020-05-15', 4, 7, 265),
(20, '2020-05-24', '2020-05-27', 5, 303, 143),
(21, '2020-05-26', '2020-05-29', 6, 47, 649),
(22, '2020-05-31', '2020-06-03', 4, 243, 558),
(23, '2020-06-06', '2020-06-09', 6, 37, 279),
(24, '2020-06-09', '2020-06-12', 4, 227, 608),
(25, '2020-06-17', '2020-06-20', 6, 492, 443),
(26, '2020-06-18', '2020-06-21', 6, 12, 531),
(27, '2020-06-26', '2020-06-29', 6, 401, 198),
(28, '2020-07-07', '2020-07-10', 5, 281, 78),
(29, '2020-07-11', '2020-07-14', 4, 20, 296),
(30, '2020-08-14', '2020-08-17', 4, 407, 529),
(31, '2020-08-28', '2020-08-31', 4, 130, 661),
(32, '2020-09-07', '2020-09-10', 6, 156, 539),
(33, '2020-09-09', '2020-09-12', 6, 173, 659),
(34, '2020-09-16', '2020-09-19', 4, 281, 78),
(35, '2020-09-19', '2020-09-22', 5, 92, 419),
(36, '2020-09-23', '2020-09-26', 5, 44, 242),
(37, '2020-10-10', '2020-10-13', 4, 156, 539),
(38, '2020-10-18', '2020-10-21', 6, 401, 198),
(39, '2020-10-20', '2020-10-23', 6, 337, 184),
(40, '2020-10-21', '2020-10-24', 4, 277, 363),
(41, '2020-10-22', '2020-10-25', 6, 479, 643),
(42, '2020-11-02', '2020-11-05', 5, 47, 649),
(43, '2020-11-11', '2020-11-14', 5, 181, 469),
(44, '2020-11-24', '2020-11-27', 6, 237, 6),
(45, '2020-11-30', '2020-12-03', 4, 29, 572),
(46, '2020-12-10', '2020-12-13', 4, 197, 473),
(47, '2020-12-12', '2020-12-15', 4, 228, 268),
(48, '2020-12-20', '2020-12-23', 4, 303, 143),
(49, '2020-12-25', '2020-12-28', 4, 167, 154),
(50, '2021-01-02', '2021-01-05', 4, 310, 179),
(51, '2021-01-09', '2021-01-12', 6, 430, 495),
(52, '2021-01-21', '2021-01-24', 5, 37, 279),
(53, '2021-01-25', '2021-01-28', 5, 425, 142),
(54, '2021-02-08', '2021-02-11', 5, 156, 8),
(55, '2021-02-16', '2021-02-19', 4, 298, 387),
(56, '2021-02-20', '2021-02-23', 6, 154, 165),
(57, '2021-02-24', '2021-02-27', 4, 73, 647),
(58, '2021-03-03', '2021-03-06', 4, 242, 465),
(59, '2021-03-04', '2021-03-07', 5, 130, 661),
(60, '2021-03-12', '2021-03-15', 6, 379, 448),
(61, '2021-03-13', '2021-03-16', 5, 237, 437),
(62, '2021-03-14', '2021-03-17', 6, 281, 78),
(63, '2021-03-18', '2021-03-21', 5, 277, 363),
(64, '2021-03-26', '2021-03-29', 6, 374, 300),
(65, '2021-04-03', '2021-04-06', 4, 12, 531),
(66, '2021-04-04', '2021-04-07', 4, 349, 654),
(67, '2021-04-12', '2021-04-15', 4, 37, 279),
(68, '2021-04-18', '2021-04-21', 5, 242, 465),
(69, '2021-04-21', '2021-04-24', 4, 398, 239),
(70, '2021-04-24', '2021-04-27', 5, 419, 141),
(71, '2021-05-01', '2021-05-04', 6, 382, 189),
(72, '2021-05-03', '2021-05-06', 6, 430, 495),
(73, '2021-05-10', '2021-05-13', 6, 77, 194),
(74, '2021-05-13', '2021-05-16', 6, 242, 465),
(75, '2021-05-18', '2021-05-21', 5, 150, 624),
(76, '2021-05-25', '2021-05-28', 6, 303, 143),
(77, '2021-05-27', '2021-05-30', 6, 144, 381),
(78, '2021-05-28', '2021-05-31', 5, 361, 410),
(79, '2021-05-28', '2021-05-31', 4, 257, 542),
(80, '2021-06-22', '2021-06-25', 5, 344, 1),
(81, '2021-06-23', '2021-06-26', 6, 442, 368),
(82, '2021-07-03', '2021-07-06', 6, 373, 631),
(83, '2021-07-06', '2021-07-09', 4, 326, 96),
(84, '2021-07-06', '2021-07-09', 5, 373, 631),
(85, '2021-07-16', '2021-07-19', 5, 45, 274),
(86, '2021-07-18', '2021-07-21', 5, 146, 80),
(87, '2021-07-19', '2021-07-22', 5, 382, 429),
(88, '2021-07-20', '2021-07-23', 4, 237, 437),
(89, '2021-07-21', '2021-07-24', 4, 12, 531),
(90, '2021-08-04', '2021-08-07', 5, 398, 239),
(91, '2021-08-12', '2021-08-15', 5, 156, 539),
(92, '2021-08-15', '2021-08-18', 5, 442, 368),
(93, '2021-08-17', '2021-08-20', 5, 270, 321),
(94, '2021-08-23', '2021-08-26', 4, 380, 458),
(95, '2021-08-26', '2021-08-29', 5, 67, 462),
(96, '2021-09-06', '2021-09-09', 6, 242, 465),
(97, '2021-09-10', '2021-09-13', 6, 12, 531),
(98, '2021-09-12', '2021-09-15', 6, 244, 656),
(99, '2021-09-14', '2021-09-17', 6, 299, 126),
(100, '2021-09-20', '2021-09-23', 5, 361, 410),
(101, '2021-09-30', '2021-10-03', 5, 20, 296),
(102, '2021-10-11', '2021-10-14', 6, 310, 179),
(103, '2021-10-20', '2021-10-23', 4, 244, 656),
(104, '2021-11-09', '2021-11-12', 4, 316, 197),
(105, '2021-11-16', '2021-11-19', 5, 216, 264),
(106, '2021-11-16', '2021-11-19', 5, 301, 393),
(107, '2021-11-19', '2021-11-22', 6, 228, 268),
(108, '2021-11-22', '2021-11-25', 5, 349, 654),
(109, '2021-11-24', '2021-11-27', 5, 154, 165),
(110, '2021-11-27', '2021-11-30', 6, 243, 558),
(111, '2021-12-02', '2021-12-05', 4, 246, 521),
(112, '2021-12-02', '2021-12-05', 6, 257, 542),
(113, '2021-12-08', '2021-12-11', 6, 349, 654),
(114, '2021-12-15', '2021-12-18', 6, 349, 654),
(115, '2021-12-24', '2021-12-27', 4, 349, 654),
(116, '2021-12-24', '2021-12-27', 5, 344, 359),
(117, '2021-12-24', '2021-12-27', 5, 379, 448),
(118, '2021-12-25', '2021-12-28', 6, 424, 384),
(119, '2021-12-25', '2021-12-28', 6, 398, 239),
(120, '2021-12-25', '2021-12-28', 5, 199, 110),
(121, '2022-01-02', '2022-01-05', 4, 303, 143),
(122, '2022-01-09', '2022-01-12', 6, 28, 390),
(123, '2022-01-14', '2022-01-17', 4, 355, 383),
(124, '2022-01-19', '2022-01-22', 5, 59, 467),
(125, '2022-01-23', '2022-01-26', 5, 475, 424),
(126, '2022-01-25', '2022-01-28', 6, 18, 356),
(127, '2022-01-31', '2022-02-03', 5, 398, 239),
(128, '2022-02-02', '2022-02-05', 5, 297, 84),
(129, '2022-02-15', '2022-02-18', 5, 430, 495),
(130, '2022-02-22', '2022-02-25', 5, 124, 621),
(131, '2022-02-24', '2022-02-27', 6, 244, 656),
(132, '2022-03-01', '2022-03-04', 4, 433, 445),
(133, '2022-03-06', '2022-03-09', 5, 270, 321),
(134, '2022-03-08', '2022-03-11', 5, 257, 478),
(135, '2022-03-10', '2022-03-13', 5, 37, 279),
(136, '2022-03-12', '2022-03-15', 5, 373, 631),
(137, '2022-03-23', '2022-03-26', 4, 92, 419),
(138, '2022-03-25', '2022-03-28', 6, 442, 368),
(139, '2022-04-01', '2022-04-04', 6, 398, 239),
(140, '2022-04-01', '2022-04-04', 6, 224, 77),
(141, '2022-04-01', '2022-04-04', 4, 211, 355),
(142, '2022-04-06', '2022-04-09', 6, 479, 643),
(143, '2022-04-09', '2022-04-12', 6, 445, 67),
(144, '2022-04-11', '2022-04-14', 6, 245, 553),
(145, '2022-04-13', '2022-04-16', 4, 398, 239),
(146, '2022-04-21', '2022-04-24', 5, 156, 8),
(147, '2022-04-29', '2022-05-02', 5, 456, 73),
(148, '2022-05-01', '2022-05-04', 6, 47, 649),
(149, '2022-05-04', '2022-05-07', 6, 12, 531),
(150, '2022-05-06', '2022-05-09', 5, 47, 649),
(151, '2022-05-08', '2022-05-11', 5, 297, 84),
(152, '2022-05-15', '2022-05-18', 4, 291, 281),
(153, '2022-05-15', '2022-05-18', 6, 298, 387),
(154, '2022-05-22', '2022-05-25', 4, 269, 221),
(155, '2022-05-25', '2022-05-28', 6, 419, 141),
(156, '2022-06-09', '2022-06-12', 5, 77, 194),
(157, '2022-06-14', '2022-06-17', 4, 65, 193),
(158, '2022-06-18', '2022-06-21', 4, 354, 404),
(159, '2022-06-22', '2022-06-25', 5, 379, 448),
(160, '2022-07-08', '2022-07-11', 4, 425, 142),
(161, '2022-07-12', '2022-07-15', 5, 355, 383),
(162, '2022-07-27', '2022-07-30', 5, 379, 448),
(163, '2022-07-28', '2022-07-31', 6, 459, 285),
(164, '2022-07-30', '2022-08-02', 6, 164, 375),
(165, '2022-08-02', '2022-08-05', 4, 242, 465),
(166, '2022-08-03', '2022-08-06', 6, 284, 536),
(167, '2022-08-19', '2022-08-22', 6, 273, 5),
(168, '2022-09-04', '2022-09-07', 6, 94, 364),
(169, '2022-10-07', '2022-10-10', 4, 7, 450),
(170, '2022-10-18', '2022-10-21', 4, 44, 242),
(171, '2022-10-26', '2022-10-29', 6, 154, 165),
(172, '2022-10-28', '2022-10-31', 4, 296, 630),
(173, '2022-10-29', '2022-11-01', 4, 45, 274),
(174, '2022-10-31', '2022-11-03', 6, 424, 666),
(175, '2022-11-02', '2022-11-05', 5, 18, 356),
(176, '2022-11-18', '2022-11-21', 6, 12, 531);

INSERT INTO `order_item` (`ID`, `PRODUCT_ID`, `AMOUNT`, `ORDER_ID`) VALUES
(1, 14, 2, 1),
(2, 30, 1, 2),
(3, 38, 3, 2),
(4, 50, 3, 3),
(5, 39, 1, 4),
(6, 11, 1, 5),
(7, 51, 2, 5),
(8, 48, 1, 6),
(9, 51, 1, 7),
(10, 54, 1, 7),
(11, 16, 1, 8),
(12, 47, 2, 9),
(13, 35, 2, 10),
(14, 14, 1, 10),
(15, 28, 1, 10),
(16, 55, 2, 10),
(17, 33, 1, 10),
(18, 25, 3, 11),
(19, 46, 2, 11),
(20, 15, 3, 11),
(21, 28, 1, 11),
(22, 43, 2, 12),
(23, 52, 1, 13),
(24, 19, 1, 13),
(25, 12, 3, 14),
(26, 11, 1, 14),
(27, 41, 2, 14),
(28, 43, 2, 14),
(29, 55, 1, 14),
(30, 13, 1, 15),
(31, 32, 1, 16),
(32, 5, 2, 17),
(33, 47, 2, 18),
(34, 4, 2, 19),
(35, 38, 1, 20),
(36, 53, 3, 21),
(37, 39, 1, 22),
(38, 27, 1, 22),
(39, 16, 1, 23),
(40, 11, 1, 23),
(41, 49, 1, 24),
(42, 16, 1, 25),
(43, 40, 3, 25),
(44, 15, 1, 25),
(45, 38, 1, 26),
(46, 39, 3, 26),
(47, 17, 1, 26),
(48, 16, 1, 27),
(49, 53, 1, 27),
(50, 47, 2, 27),
(51, 5, 2, 28),
(52, 13, 1, 29),
(53, 3, 1, 29),
(54, 55, 2, 29),
(55, 48, 1, 30),
(56, 39, 2, 30),
(57, 45, 2, 30),
(58, 43, 1, 30),
(59, 3, 1, 30),
(60, 18, 1, 31),
(61, 35, 1, 31),
(62, 33, 1, 31),
(63, 11, 3, 31),
(64, 13, 1, 31),
(65, 1, 1, 32),
(66, 39, 2, 32),
(67, 1, 1, 33),
(68, 47, 1, 33),
(69, 52, 1, 34),
(70, 44, 3, 35),
(71, 53, 1, 35),
(72, 20, 2, 36),
(73, 36, 1, 37),
(74, 21, 3, 38),
(75, 32, 2, 38),
(76, 9, 1, 39),
(77, 20, 2, 40),
(78, 44, 1, 40),
(79, 50, 1, 41),
(80, 4, 3, 41),
(81, 34, 2, 41),
(82, 42, 1, 41),
(83, 8, 2, 42),
(84, 19, 1, 42),
(85, 20, 2, 42),
(86, 11, 2, 42),
(87, 18, 1, 43),
(88, 42, 2, 43),
(89, 35, 1, 43),
(90, 49, 1, 44),
(91, 44, 1, 45),
(92, 1, 2, 45),
(93, 38, 1, 45),
(94, 4, 3, 45),
(95, 13, 1, 45),
(96, 52, 2, 46),
(97, 30, 1, 47),
(98, 27, 1, 48),
(99, 40, 1, 48),
(100, 30, 1, 49),
(101, 19, 3, 50),
(102, 43, 2, 50),
(103, 25, 1, 50),
(104, 50, 3, 50),
(105, 3, 1, 51),
(106, 20, 1, 52),
(107, 44, 2, 52),
(108, 53, 1, 52),
(109, 43, 1, 53),
(110, 20, 1, 53),
(111, 47, 1, 54),
(112, 49, 1, 55),
(113, 53, 1, 55),
(114, 51, 1, 56),
(115, 14, 2, 56),
(116, 54, 1, 57),
(117, 31, 1, 57),
(118, 37, 1, 58),
(119, 28, 1, 59),
(120, 52, 1, 59),
(121, 55, 1, 60),
(122, 30, 2, 61),
(123, 11, 1, 62),
(124, 49, 1, 62),
(125, 51, 2, 63),
(126, 1, 1, 63),
(127, 21, 1, 63),
(128, 26, 1, 63),
(129, 13, 1, 63),
(130, 11, 1, 64),
(131, 5, 1, 64),
(132, 29, 1, 65),
(133, 10, 1, 65),
(134, 42, 1, 66),
(135, 40, 2, 66),
(136, 27, 2, 66),
(137, 48, 1, 67),
(138, 46, 2, 68),
(139, 21, 1, 68),
(140, 51, 2, 69),
(141, 2, 1, 69),
(142, 47, 1, 69),
(143, 4, 1, 69),
(144, 47, 2, 70),
(145, 43, 1, 71),
(146, 55, 2, 72),
(147, 6, 1, 72),
(148, 10, 1, 72),
(149, 42, 1, 73),
(150, 41, 1, 73),
(151, 34, 2, 74),
(152, 46, 1, 75),
(153, 55, 2, 76),
(154, 55, 1, 76),
(155, 19, 1, 77),
(156, 29, 2, 78),
(157, 34, 3, 79),
(158, 20, 3, 79),
(159, 42, 2, 79),
(160, 46, 1, 79),
(161, 17, 1, 80),
(162, 2, 1, 80),
(163, 34, 1, 81),
(164, 39, 1, 81),
(165, 8, 2, 82),
(166, 30, 1, 83),
(167, 14, 2, 83),
(168, 10, 2, 84),
(169, 10, 2, 85),
(170, 19, 1, 86),
(171, 36, 2, 86),
(172, 17, 2, 87),
(173, 24, 1, 87),
(174, 10, 1, 88),
(175, 37, 1, 88),
(176, 23, 2, 88),
(177, 51, 1, 89),
(178, 15, 1, 89),
(179, 37, 1, 89),
(180, 23, 1, 89),
(181, 13, 1, 90),
(182, 27, 1, 90),
(183, 17, 2, 90),
(184, 37, 1, 91),
(185, 29, 2, 92),
(186, 29, 1, 92),
(187, 44, 1, 92),
(188, 4, 1, 92),
(189, 7, 1, 93),
(190, 37, 2, 94),
(191, 37, 1, 95),
(192, 26, 3, 96),
(193, 30, 1, 96),
(194, 48, 3, 96),
(195, 51, 1, 97),
(196, 22, 2, 98),
(197, 5, 1, 99),
(198, 18, 1, 100),
(199, 3, 2, 101),
(200, 20, 1, 101),
(201, 22, 3, 102),
(202, 32, 1, 102),
(203, 22, 2, 103),
(204, 49, 3, 103),
(205, 30, 1, 104),
(206, 18, 3, 105),
(207, 26, 1, 105),
(208, 13, 3, 106),
(209, 25, 2, 106),
(210, 20, 2, 107),
(211, 2, 1, 108),
(212, 23, 1, 109),
(213, 43, 2, 109),
(214, 51, 1, 110),
(215, 22, 1, 110),
(216, 8, 1, 110),
(217, 2, 1, 110),
(218, 52, 1, 110),
(219, 54, 1, 111),
(220, 32, 1, 111),
(221, 54, 2, 112),
(222, 34, 1, 112),
(223, 2, 3, 113),
(224, 27, 2, 114),
(225, 24, 2, 115),
(226, 34, 1, 116),
(227, 47, 1, 116),
(228, 14, 1, 116),
(229, 30, 1, 116),
(230, 5, 1, 116),
(231, 40, 3, 117),
(232, 23, 1, 117),
(233, 21, 2, 117),
(234, 30, 1, 118),
(235, 12, 1, 119),
(236, 3, 1, 119),
(237, 3, 2, 120),
(238, 16, 1, 120),
(239, 36, 2, 121),
(240, 7, 3, 122),
(241, 14, 1, 122),
(242, 14, 3, 122),
(243, 48, 1, 123),
(244, 29, 1, 124),
(245, 24, 1, 125),
(246, 17, 1, 126),
(247, 13, 2, 127),
(248, 17, 1, 128),
(249, 36, 1, 128),
(250, 44, 2, 129),
(251, 55, 1, 130),
(252, 12, 2, 131),
(253, 39, 3, 132),
(254, 10, 2, 133),
(255, 6, 1, 133),
(256, 20, 1, 134),
(257, 32, 1, 134),
(258, 55, 1, 135),
(259, 48, 1, 135),
(260, 45, 1, 136),
(261, 41, 1, 137),
(262, 6, 1, 138),
(263, 44, 1, 139),
(264, 45, 2, 140),
(265, 41, 1, 140),
(266, 39, 1, 140),
(267, 43, 1, 140),
(268, 24, 3, 141),
(269, 53, 1, 141),
(270, 39, 1, 142),
(271, 14, 1, 142),
(272, 38, 2, 143),
(273, 47, 1, 144),
(274, 40, 3, 145),
(275, 7, 1, 145),
(276, 22, 3, 146),
(277, 11, 3, 146),
(278, 51, 2, 146),
(279, 43, 2, 146),
(280, 45, 1, 147),
(281, 33, 2, 147),
(282, 42, 1, 148),
(283, 2, 1, 149),
(284, 41, 3, 150),
(285, 52, 3, 151),
(286, 17, 1, 152),
(287, 34, 1, 152),
(288, 11, 2, 153),
(289, 19, 2, 153),
(290, 39, 1, 154),
(291, 30, 1, 155),
(292, 15, 2, 156),
(293, 9, 3, 157),
(294, 25, 2, 158),
(295, 48, 1, 159),
(296, 14, 1, 160),
(297, 22, 2, 161),
(298, 29, 1, 161),
(299, 55, 2, 162),
(300, 4, 3, 163),
(301, 48, 1, 163),
(302, 42, 2, 164),
(303, 15, 2, 165),
(304, 28, 2, 165),
(305, 43, 1, 166),
(306, 19, 1, 167),
(307, 39, 1, 167),
(308, 20, 2, 168),
(309, 19, 3, 168),
(310, 17, 3, 169),
(311, 44, 2, 170),
(312, 41, 1, 170),
(313, 16, 2, 171),
(314, 5, 1, 171),
(315, 31, 1, 172),
(316, 43, 1, 173),
(317, 18, 1, 174),
(318, 40, 1, 175),
(319, 7, 1, 176);

INSERT INTO `payment` (`ID`, `DATE`, `METHOD`, `WAY`, `STATUS_ID`, `ORDER_ID`) VALUES
(1, '2020-01-23', 'Card', 'Instant', 1, 1),
(2, '2020-01-27', 'Card', 'When delivered', 3, 2),
(3, '2020-02-01', 'Card', 'When delivered', 3, 3),
(4, '2020-02-09', 'Card', 'Instant', 1, 4),
(5, '2020-02-21', 'Cash', 'Instant', 1, 5),
(6, '2020-02-27', 'Card', 'When delivered', 3, 6),
(7, '2020-03-03', 'Card', 'Instant', 1, 7),
(8, '2020-03-04', 'Card', 'Instant', 3, 8),
(9, '2020-03-07', 'Bill', 'When delivered', 3, 9),
(10, '2020-03-12', 'Card', 'Instant', 2, 10),
(11, '2020-04-03', 'Card', 'When delivered', 2, 11),
(12, '2020-04-09', 'Card', 'Instant', 2, 12),
(13, '2020-04-12', 'Card', 'Instant', 2, 13),
(14, '2020-04-19', 'Cash', 'Instant', 1, 14),
(15, '2020-04-22', 'Cash', 'Instant', 3, 15),
(16, '2020-05-03', 'Cash', 'When delivered', 2, 16),
(17, '2020-05-02', 'Card', 'Instant', 1, 17),
(18, '2020-05-13', 'Crypto', 'When delivered', 3, 18),
(19, '2020-05-12', 'Cash', 'Instant', 1, 19),
(20, '2020-05-24', 'Cash', 'Instant', 2, 20),
(21, '2020-05-26', 'Card', 'Instant', 3, 21),
(22, '2020-05-31', 'Card', 'Instant', 1, 22),
(23, '2020-06-09', 'Bill', 'When delivered', 3, 23),
(24, '2020-06-09', 'Card', 'Instant', 1, 24),
(25, '2020-06-17', 'Bill', 'Instant', 3, 25),
(26, '2020-06-21', 'Card', 'When delivered', 3, 26),
(27, '2020-06-29', 'Cash', 'When delivered', 3, 27),
(28, '2020-07-10', 'Card', 'When delivered', 2, 28),
(29, '2020-07-14', 'Cash', 'When delivered', 1, 29),
(30, '2020-08-17', 'Card', 'When delivered', 1, 30),
(31, '2020-08-28', 'Card', 'Instant', 1, 31),
(32, '2020-09-07', 'Cash', 'Instant', 3, 32),
(33, '2020-09-12', 'Card', 'When delivered', 3, 33),
(34, '2020-09-16', 'Crypto', 'Instant', 1, 34),
(35, '2020-09-19', 'Card', 'Instant', 2, 35),
(36, '2020-09-23', 'Crypto', 'Instant', 2, 36),
(37, '2020-10-10', 'Card', 'Instant', 1, 37),
(38, '2020-10-21', 'Bill', 'When delivered', 3, 38),
(39, '2020-10-23', 'Bill', 'When delivered', 3, 39),
(40, '2020-10-24', 'Cash', 'When delivered', 1, 40),
(41, '2020-10-22', 'Card', 'Instant', 3, 41),
(42, '2020-11-02', 'Card', 'Instant', 2, 42),
(43, '2020-11-14', 'Cash', 'When delivered', 2, 43),
(44, '2020-11-24', 'Cash', 'Instant', 3, 44),
(45, '2020-11-30', 'Crypto', 'Instant', 1, 45),
(46, '2020-12-13', 'Card', 'When delivered', 1, 46),
(47, '2020-12-12', 'Card', 'Instant', 1, 47),
(48, '2020-12-20', 'Card', 'Instant', 1, 48),
(49, '2020-12-25', 'Cash', 'Instant', 1, 49),
(50, '2021-01-02', 'Card', 'Instant', 1, 50),
(51, '2021-01-09', 'Crypto', 'Instant', 3, 51),
(52, '2021-01-21', 'Card', 'Instant', 2, 52),
(53, '2021-01-25', 'Card', 'Instant', 2, 53),
(54, '2021-02-11', 'Card', 'When delivered', 2, 54),
(55, '2021-02-19', 'Bill', 'When delivered', 1, 55),
(56, '2021-02-23', 'Cash', 'When delivered', 3, 56),
(57, '2021-02-24', 'Cash', 'Instant', 1, 57),
(58, '2021-03-03', 'Cash', 'Instant', 1, 58),
(59, '2021-03-04', 'Card', 'Instant', 2, 59),
(60, '2021-03-15', 'Card', 'When delivered', 3, 60),
(61, '2021-03-13', 'Card', 'Instant', 2, 61),
(62, '2021-03-17', 'Card', 'When delivered', 3, 62),
(63, '2021-03-18', 'Cash', 'Instant', 2, 63),
(64, '2021-03-29', 'Card', 'When delivered', 3, 64),
(65, '2021-04-03', 'Card', 'Instant', 1, 65),
(66, '2021-04-04', 'Crypto', 'Instant', 1, 66),
(67, '2021-04-15', 'Crypto', 'When delivered', 1, 67),
(68, '2021-04-18', 'Card', 'Instant', 2, 68),
(69, '2021-04-24', 'Bill', 'When delivered', 1, 69),
(70, '2021-04-24', 'Card', 'Instant', 2, 70),
(71, '2021-05-04', 'Card', 'When delivered', 3, 71),
(72, '2021-05-03', 'Cash', 'Instant', 3, 72),
(73, '2021-05-13', 'Card', 'When delivered', 3, 73),
(74, '2021-05-13', 'Card', 'Instant', 3, 74),
(75, '2021-05-18', 'Card', 'Instant', 2, 75),
(76, '2021-05-28', 'Card', 'When delivered', 3, 76),
(77, '2021-05-27', 'Card', 'Instant', 3, 77),
(78, '2021-05-31', 'Cash', 'When delivered', 2, 78),
(79, '2021-05-28', 'Card', 'Instant', 1, 79),
(80, '2021-06-22', 'Cash', 'Instant', 2, 80),
(81, '2021-06-23', 'Card', 'Instant', 3, 81),
(82, '2021-07-03', 'Card', 'Instant', 3, 82),
(83, '2021-07-09', 'Cash', 'When delivered', 1, 83),
(84, '2021-07-06', 'Cash', 'Instant', 2, 84),
(85, '2021-07-16', 'Card', 'Instant', 2, 85),
(86, '2021-07-18', 'Cash', 'Instant', 2, 86),
(87, '2021-07-22', 'Cash', 'When delivered', 2, 87),
(88, '2021-07-23', 'Card', 'When delivered', 1, 88),
(89, '2021-07-21', 'Card', 'Instant', 1, 89),
(90, '2021-08-07', 'Crypto', 'When delivered', 2, 90),
(91, '2021-08-12', 'Card', 'Instant', 2, 91),
(92, '2021-08-15', 'Cash', 'Instant', 2, 92),
(93, '2021-08-20', 'Cash', 'When delivered', 2, 93),
(94, '2021-08-23', 'Card', 'Instant', 1, 94),
(95, '2021-08-29', 'Card', 'When delivered', 2, 95),
(96, '2021-09-09', 'Card', 'When delivered', 3, 96),
(97, '2021-09-10', 'Card', 'Instant', 3, 97),
(98, '2021-09-12', 'Cash', 'Instant', 3, 98),
(99, '2021-09-14', 'Card', 'Instant', 3, 99),
(100, '2021-09-23', 'Cash', 'When delivered', 2, 100),
(101, '2021-09-30', 'Cash', 'Instant', 2, 101),
(102, '2021-10-11', 'Cash', 'Instant', 3, 102),
(103, '2021-10-20', 'Card', 'Instant', 1, 103),
(104, '2021-11-09', 'Card', 'Instant', 1, 104),
(105, '2021-11-19', 'Card', 'When delivered', 2, 105),
(106, '2021-11-16', 'Bill', 'Instant', 2, 106),
(107, '2021-11-22', 'Crypto', 'When delivered', 3, 107),
(108, '2021-11-25', 'Card', 'When delivered', 2, 108),
(109, '2021-11-24', 'Card', 'Instant', 2, 109),
(110, '2021-11-27', 'Card', 'Instant', 3, 110),
(111, '2021-12-02', 'Cash', 'Instant', 1, 111),
(112, '2021-12-02', 'Card', 'Instant', 3, 112),
(113, '2021-12-08', 'Cash', 'Instant', 3, 113),
(114, '2021-12-15', 'Card', 'Instant', 3, 114),
(115, '2021-12-24', 'Cash', 'Instant', 1, 115),
(116, '2021-12-24', 'Cash', 'Instant', 2, 116),
(117, '2021-12-24', 'Cash', 'Instant', 2, 117),
(118, '2021-12-28', 'Card', 'When delivered', 3, 118),
(119, '2021-12-25', 'Card', 'Instant', 3, 119),
(120, '2021-12-25', 'Crypto', 'Instant', 2, 120),
(121, '2022-01-02', 'Card', 'Instant', 1, 121),
(122, '2022-01-09', 'Bill', 'Instant', 3, 122),
(123, '2022-01-14', 'Card', 'Instant', 1, 123),
(124, '2022-01-19', 'Card', 'Instant', 2, 124),
(125, '2022-01-23', 'Cash', 'Instant', 2, 125),
(126, '2022-01-28', 'Card', 'When delivered', 3, 126),
(127, '2022-02-03', 'Cash', 'When delivered', 2, 127),
(128, '2022-02-02', 'Card', 'Instant', 2, 128),
(129, '2022-02-18', 'Card', 'When delivered', 2, 129),
(130, '2022-02-25', 'Bill', 'When delivered', 2, 130),
(131, '2022-02-27', 'Cash', 'When delivered', 3, 131),
(132, '2022-03-04', 'Cash', 'When delivered', 1, 132),
(133, '2022-03-06', 'Cash', 'Instant', 2, 133),
(134, '2022-03-08', 'Card', 'Instant', 2, 134),
(135, '2022-03-13', 'Card', 'When delivered', 2, 135),
(136, '2022-03-12', 'Card', 'Instant', 2, 136),
(137, '2022-03-23', 'Card', 'Instant', 1, 137),
(138, '2022-03-28', 'Card', 'When delivered', 3, 138),
(139, '2022-04-04', 'Cash', 'When delivered', 3, 139),
(140, '2022-04-04', 'Card', 'When delivered', 3, 140),
(141, '2022-04-01', 'Bill', 'Instant', 1, 141),
(142, '2022-04-06', 'Bill', 'Instant', 3, 142),
(143, '2022-04-09', 'Bill', 'Instant', 3, 143),
(144, '2022-04-11', 'Card', 'Instant', 3, 144),
(145, '2022-04-13', 'Cash', 'Instant', 1, 145),
(146, '2022-04-21', 'Cash', 'Instant', 2, 146),
(147, '2022-04-29', 'Crypto', 'Instant', 2, 147),
(148, '2022-05-01', 'Card', 'Instant', 3, 148),
(149, '2022-05-04', 'Cash', 'Instant', 3, 149),
(150, '2022-05-06', 'Card', 'Instant', 2, 150),
(151, '2022-05-08', 'Card', 'Instant', 2, 151),
(152, '2022-05-15', 'Card', 'Instant', 1, 152),
(153, '2022-05-18', 'Card', 'When delivered', 3, 153),
(154, '2022-05-22', 'Card', 'Instant', 1, 154),
(155, '2022-05-28', 'Cash', 'When delivered', 3, 155),
(156, '2022-06-09', 'Card', 'Instant', 2, 156),
(157, '2022-06-14', 'Bill', 'Instant', 1, 157),
(158, '2022-06-18', 'Card', 'Instant', 1, 158),
(159, '2022-06-22', 'Card', 'Instant', 2, 159),
(160, '2022-07-11', 'Crypto', 'When delivered', 1, 160),
(161, '2022-07-15', 'Bill', 'When delivered', 2, 161),
(162, '2022-07-30', 'Cash', 'When delivered', 2, 162),
(163, '2022-07-28', 'Card', 'Instant', 3, 163),
(164, '2022-07-30', 'Card', 'Instant', 3, 164),
(165, '2022-08-05', 'Card', 'When delivered', 1, 165),
(166, '2022-08-03', 'Cash', 'Instant', 3, 166),
(167, '2022-08-22', 'Cash', 'When delivered', 3, 167),
(168, '2022-09-04', 'Cash', 'Instant', 3, 168),
(169, '2022-10-07', 'Crypto', 'Instant', 1, 169),
(170, '2022-10-21', 'Cash', 'When delivered', 1, 170),
(171, '2022-10-26', 'Card', 'Instant', 3, 171),
(172, '2022-10-31', 'Crypto', 'When delivered', 1, 172),
(173, '2022-10-29', 'Card', 'Instant', 1, 173),
(174, '2022-10-31', 'Card', 'Instant', 3, 174),
(175, '2022-11-02', 'Card', 'Instant', 2, 175),
(176, '2022-11-21', 'Card', 'When delivered', 3, 176);

INSERT INTO `review` (`ID`, `REVIEW_DATE`, `ORDER_ITEM_ID`, `REVIEW_TEXT`, `REVIEW_SCORE`) VALUES
(1, '2020-01-29', 1, 'Wow, it was the best offer', 5),
(2, '2020-01-30', 2, 'Piece of sh*t!', 1),
(3, '2020-01-30', 3, 'Cannot turn it on', 1),
(4, '2020-02-04', 4, 'Cannot turn it on', 1),
(5, '2020-02-15', 5, 'My kid loves it', 5),
(6, '2020-03-01', 8, 'The waranty of the manufacturer has expired!!!', 1),
(7, '2020-03-09', 9, 'Amazingly fast shipped!!!', 5),
(8, '2020-03-09', 10, 'Had to wait three day to get the package', 4),
(9, '2020-04-25', 26, 'Overpriced :(', 3),
(10, '2020-04-25', 29, 'My kid loves it', 5),
(11, '2020-04-28', 30, 'The waranty of the manufacturer has expired!!!', 1),
(12, '2020-05-08', 32, 'Super nice device!', 5),
(13, '2020-06-01', 36, 'The waranty of the manufacturer has expired!!!', 1),
(14, '2020-06-06', 38, 'Overpriced :(', 3),
(15, '2020-06-12', 39, 'Cannot turn it on', 1),
(16, '2020-06-12', 40, 'The waranty of the manufacturer has expired!!!', 1),
(17, '2020-06-15', 41, 'Oh, it is exactly what i needed. Thank you!', 5),
(18, '2020-06-23', 42, 'Cannot turn it on', 1),
(19, '2020-06-23', 43, 'The waranty of the manufacturer has expired!!!', 1),
(20, '2020-06-24', 45, 'The waranty of the manufacturer has expired!!!', 1),
(21, '2020-07-02', 49, 'Cannot turn it on', 1),
(22, '2020-07-02', 50, 'Piece of sh*t!', 1),
(23, '2020-07-17', 52, 'Overpriced :(', 3),
(24, '2020-07-17', 53, 'Wow, it was the best offer', 5),
(25, '2020-08-20', 55, 'Too long delivery', 3),
(26, '2020-08-20', 56, 'It does not work correctly', 2),
(27, '2020-08-20', 57, 'Super nice device!', 5),
(28, '2020-08-20', 59, 'Wow, it was the best offer', 5),
(29, '2020-09-03', 62, 'Wow, it was the best offer', 5),
(30, '2020-09-03', 63, 'My kid loves it', 5),
(31, '2020-09-03', 64, 'Outstanding quality, as always', 5),
(32, '2020-09-13', 66, 'Cannot turn it on', 1),
(33, '2020-09-15', 67, 'Cannot turn it on', 1),
(34, '2020-09-15', 68, 'Piece of sh*t!', 1),
(35, '2020-09-22', 69, 'Good for this price, but the box was a bit damaged', 4),
(36, '2020-10-16', 73, 'Oh, it is exactly what i needed. Thank you!', 5),
(37, '2020-10-24', 74, 'The waranty of the manufacturer has expired!!!', 1),
(38, '2020-10-27', 77, 'Super nice device!', 5),
(39, '2020-10-28', 79, 'The waranty of the manufacturer has expired!!!', 1),
(40, '2020-10-28', 80, 'The waranty of the manufacturer has expired!!!', 1),
(41, '2020-10-28', 81, 'Piece of sh*t!', 1),
(42, '2020-12-06', 91, 'Outstanding quality, as always', 5),
(43, '2020-12-06', 92, 'The color is not so good', 4),
(44, '2020-12-06', 93, 'Amazingly fast shipped!!!', 5),
(45, '2020-12-06', 95, 'Amazingly fast shipped!!!', 5),
(46, '2020-12-16', 96, 'Oh, it is exactly what i needed. Thank you!', 5),
(47, '2020-12-18', 97, 'Amazingly fast shipped!!!', 5),
(48, '2020-12-26', 99, 'It does not work correctly', 2),
(49, '2020-12-31', 100, 'The delivery guy was very rude, hate it', 2),
(50, '2021-01-08', 101, 'Too long delivery', 3),
(51, '2021-01-08', 102, 'Wow, it was the best offer', 5),
(52, '2021-01-08', 103, 'Too long delivery', 3),
(53, '2021-01-08', 104, 'Super nice device!', 5),
(54, '2021-01-15', 105, 'The waranty of the manufacturer has expired!!!', 1),
(55, '2021-02-22', 112, 'Wow, it was the best offer', 5),
(56, '2021-02-22', 113, 'Wow, it was the best offer', 5),
(57, '2021-02-26', 114, 'Cannot turn it on', 1),
(58, '2021-03-02', 117, 'Amazingly fast shipped!!!', 5),
(59, '2021-03-18', 121, 'Cannot turn it on', 1),
(60, '2021-03-20', 123, 'Piece of sh*t!', 1),
(61, '2021-03-20', 124, 'Piece of sh*t!', 1),
(62, '2021-04-01', 130, 'Piece of sh*t!', 1),
(63, '2021-04-09', 132, 'Amazingly fast shipped!!!', 5),
(64, '2021-04-09', 133, 'Had to wait three day to get the package', 4),
(65, '2021-04-10', 136, 'Super nice device!', 5),
(66, '2021-04-18', 137, 'The color is not so good', 4),
(67, '2021-04-27', 140, 'Super nice device!', 5),
(68, '2021-04-27', 141, 'Outstanding quality, as always', 5),
(69, '2021-04-27', 142, 'The color is not so good', 4),
(70, '2021-04-27', 143, 'Wow, it was the best offer', 5),
(71, '2021-05-09', 146, 'Piece of sh*t!', 1),
(72, '2021-05-09', 148, 'Piece of sh*t!', 1),
(73, '2021-05-16', 149, 'The waranty of the manufacturer has expired!!!', 1),
(74, '2021-05-16', 150, 'The waranty of the manufacturer has expired!!!', 1),
(75, '2021-05-19', 151, 'Piece of sh*t!', 1),
(76, '2021-06-02', 155, 'Piece of sh*t!', 1),
(77, '2021-06-03', 157, 'Oh, it is exactly what i needed. Thank you!', 5),
(78, '2021-06-03', 158, 'Overpriced :(', 3),
(79, '2021-06-03', 159, 'Outstanding quality, as always', 5),
(80, '2021-06-03', 160, 'Had to wait three day to get the package', 4),
(81, '2021-06-29', 163, 'The waranty of the manufacturer has expired!!!', 1),
(82, '2021-07-12', 167, 'The package was scratched a lot', 3),
(83, '2021-07-26', 174, 'The package was scratched a lot', 3),
(84, '2021-07-26', 175, 'My kid loves it', 5),
(85, '2021-07-26', 176, 'My kid loves it', 5),
(86, '2021-07-27', 178, 'Oh, it is exactly what i needed. Thank you!', 5),
(87, '2021-07-27', 179, 'Amazingly fast shipped!!!', 5),
(88, '2021-07-27', 180, 'Outstanding quality, as always', 5),
(89, '2021-08-29', 190, 'The delivery guy was very rude, hate it', 2),
(90, '2021-09-12', 194, 'The waranty of the manufacturer has expired!!!', 1),
(91, '2021-09-16', 195, 'Cannot turn it on', 1),
(92, '2021-09-20', 197, 'Cannot turn it on', 1),
(93, '2021-10-17', 201, 'The waranty of the manufacturer has expired!!!', 1),
(94, '2021-10-17', 202, 'Cannot turn it on', 1),
(95, '2021-10-26', 203, 'Good! But! I cannot believe it, the instruction is in Enlish only...', 4),
(96, '2021-10-26', 204, 'Outstanding quality, as always', 5),
(97, '2021-11-15', 205, 'Super nice device!', 5),
(98, '2021-11-25', 210, 'Piece of sh*t!', 1),
(99, '2021-12-03', 214, 'Cannot turn it on', 1),
(100, '2021-12-03', 215, 'The waranty of the manufacturer has expired!!!', 1),
(101, '2021-12-03', 216, 'The waranty of the manufacturer has expired!!!', 1),
(102, '2021-12-03', 218, 'Cannot turn it on', 1),
(103, '2021-12-08', 219, 'Amazingly fast shipped!!!', 5),
(104, '2021-12-08', 220, 'Oh, it is exactly what i needed. Thank you!', 5),
(105, '2021-12-08', 222, 'Cannot turn it on', 1),
(106, '2021-12-14', 223, 'Piece of sh*t!', 1),
(107, '2021-12-21', 224, 'Cannot turn it on', 1),
(108, '2021-12-31', 234, 'Piece of sh*t!', 1),
(109, '2021-12-31', 236, 'Piece of sh*t!', 1),
(110, '2022-01-08', 239, 'Amazingly fast shipped!!!', 5),
(111, '2022-01-15', 240, 'Piece of sh*t!', 1),
(112, '2022-01-15', 241, 'The waranty of the manufacturer has expired!!!', 1),
(113, '2022-01-15', 242, 'Cannot turn it on', 1),
(114, '2022-01-20', 243, 'The package was scratched a lot', 3),
(115, '2022-01-31', 246, 'The waranty of the manufacturer has expired!!!', 1),
(116, '2022-03-02', 252, 'The waranty of the manufacturer has expired!!!', 1),
(117, '2022-03-07', 253, 'Super nice device!', 5),
(118, '2022-03-29', 261, 'Amazingly fast shipped!!!', 5),
(119, '2022-04-07', 263, 'Cannot turn it on', 1),
(120, '2022-04-07', 264, 'Cannot turn it on', 1),
(121, '2022-04-07', 265, 'Piece of sh*t!', 1),
(122, '2022-04-07', 266, 'Piece of sh*t!', 1),
(123, '2022-04-07', 269, 'My kid loves it', 5),
(124, '2022-04-12', 271, 'Cannot turn it on', 1),
(125, '2022-04-15', 272, 'The waranty of the manufacturer has expired!!!', 1),
(126, '2022-04-17', 273, 'Piece of sh*t!', 1),
(127, '2022-04-19', 274, 'The color is not so good', 4),
(128, '2022-04-19', 275, 'Outstanding quality, as always', 5),
(129, '2022-05-07', 282, 'The waranty of the manufacturer has expired!!!', 1),
(130, '2022-05-10', 283, 'Cannot turn it on', 1),
(131, '2022-05-21', 286, 'Amazingly fast shipped!!!', 5),
(132, '2022-05-21', 287, 'My kid loves it', 5),
(133, '2022-05-21', 288, 'Piece of sh*t!', 1),
(134, '2022-05-28', 290, 'The color is not so good', 4),
(135, '2022-05-31', 291, 'Piece of sh*t!', 1),
(136, '2022-06-24', 294, 'Had to wait three day to get the package', 4),
(137, '2022-07-14', 296, 'Oh, it is exactly what i needed. Thank you!', 5),
(138, '2022-08-03', 300, 'Piece of sh*t!', 1),
(139, '2022-08-05', 302, 'Cannot turn it on', 1),
(140, '2022-08-08', 304, 'My kid loves it', 5),
(141, '2022-08-09', 305, 'The waranty of the manufacturer has expired!!!', 1),
(142, '2022-08-25', 307, 'Piece of sh*t!', 1),
(143, '2022-09-10', 308, 'Cannot turn it on', 1),
(144, '2022-10-13', 310, 'Wow, it was the best offer', 5),
(145, '2022-10-24', 311, 'Super nice device!', 5),
(146, '2022-10-24', 312, 'Amazingly fast shipped!!!', 5),
(147, '2022-11-01', 314, 'The waranty of the manufacturer has expired!!!', 1),
(148, '2022-11-06', 317, 'The waranty of the manufacturer has expired!!!', 1),
(149, '2022-11-24', 319, 'Piece of sh*t!', 1);

