CREATE DATABASE IF NOT EXISTS `ELECTRONICS_SHOP` DEFAULT CHARACTER SET = 'utf8' DEFAULT COLLATE 'utf8_general_ci'; 

 USE ELECTRONICS_SHOP;

CREATE TABLE IF NOT EXISTS `order_status` (
	`ID` INTEGER NOT NULL,
	`NAME` VARCHAR(64) DEFAULT NULL,
	PRIMARY KEY (`ID`)
);

CREATE TABLE IF NOT EXISTS `country` (
	`ID` INTEGER NOT NULL,
	`NAME` VARCHAR(64) DEFAULT NULL,
	PRIMARY KEY (`ID`)
);

CREATE TABLE IF NOT EXISTS `category` (
	`ID` INTEGER NOT NULL,
	`NAME` VARCHAR(64) DEFAULT NULL,
	`PARENT_CATEGORY_ID` INTEGER NOT NULL,
	PRIMARY KEY (`ID`)
);

CREATE TABLE IF NOT EXISTS `product` (
	`ID` INTEGER NOT NULL,
	`SKU` VARCHAR(64) DEFAULT NULL,
	`NAME` VARCHAR(64) DEFAULT NULL,
	`PRICE` DECIMAL(6,0) DEFAULT NULL,
	`STOCK` INTEGER DEFAULT NULL,
	`CATEGORY_ID` INTEGER NOT NULL,
	`DESCRIPTION` VARCHAR(64) DEFAULT NULL,
	PRIMARY KEY (`ID`)
);

CREATE TABLE IF NOT EXISTS `payment_status` (
	`ID` INTEGER NOT NULL,
	`NAME` VARCHAR(64) DEFAULT NULL,
	PRIMARY KEY (`ID`)
);

CREATE TABLE IF NOT EXISTS `customer` (
	`ID` INTEGER NOT NULL,
	`FIRST_NAME` VARCHAR(64) DEFAULT NULL,
	`LAST_NAME` VARCHAR(64) DEFAULT NULL,
	`SEX` VARCHAR(64) DEFAULT NULL,
	`BIRTH_YEAR` INTEGER DEFAULT NULL,
	`PHONE_NUMBER` INTEGER DEFAULT NULL,
	`EMAIL` VARCHAR(64) DEFAULT NULL,
	PRIMARY KEY (`ID`)
);

CREATE TABLE IF NOT EXISTS `address` (
	`ID` INTEGER NOT NULL,
	`COUNTRY_ID` INTEGER NOT NULL,
	`CITY` VARCHAR(64) DEFAULT NULL,
	`STREET` VARCHAR(64) DEFAULT NULL,
	`BUILDING` INTEGER DEFAULT NULL,
	`APARTMENT` DECIMAL(6,0) DEFAULT NULL,
	`POSTCODE` VARCHAR(64) DEFAULT NULL,
	`CUSTOMER_ID` INTEGER NOT NULL,
	PRIMARY KEY (`ID`)
);

CREATE TABLE IF NOT EXISTS `order` (
	`ID` INTEGER NOT NULL,
	`DATE` date DEFAULT NULL,
	`DEADLINE_DATE` date DEFAULT NULL,
	`STATUS_ID` INTEGER NOT NULL,
	`CUSTOMER_ID` INTEGER NOT NULL,
	`ADDRESS_ID` INTEGER NOT NULL,
	PRIMARY KEY (`ID`)
);

CREATE TABLE IF NOT EXISTS `order_item` (
	`ID` INTEGER NOT NULL,
	`PRODUCT_ID` INTEGER NOT NULL,
	`AMOUNT` INTEGER DEFAULT NULL,
	`ORDER_ID` INTEGER NOT NULL,
	PRIMARY KEY (`ID`)
);

CREATE TABLE IF NOT EXISTS `payment` (
	`ID` INTEGER NOT NULL,
	`DATE` date DEFAULT NULL,
	`METHOD` VARCHAR(64) DEFAULT NULL,
	`WAY` VARCHAR(64) DEFAULT NULL,
	`STATUS_ID` INTEGER NOT NULL,
	`ORDER_ID` INTEGER NOT NULL,
	PRIMARY KEY (`ID`)
);



ALTER TABLE `order`
ADD CONSTRAINT `fk_order_1`
  FOREIGN KEY (`STATUS_ID`)
  REFERENCES `ELECTRONICS_SHOP`.`order_status` (`ID`)
  ON DELETE RESTRICT
  ON UPDATE CASCADE;

ALTER TABLE `order`
ADD CONSTRAINT `fk_order_2`
  FOREIGN KEY (`CUSTOMER_ID`)
  REFERENCES `customer` (`ID`)
  ON DELETE RESTRICT
  ON UPDATE CASCADE;

ALTER TABLE `order`
ADD CONSTRAINT `fk_order_3`
  FOREIGN KEY (`ADDRESS_ID`)
  REFERENCES `address` (`ID`)
  ON DELETE RESTRICT
  ON UPDATE CASCADE;

ALTER TABLE `address`
ADD CONSTRAINT `fk_address_1`
  FOREIGN KEY (`CUSTOMER_ID`)
  REFERENCES `customer` (`ID`)
  ON DELETE RESTRICT
  ON UPDATE CASCADE;

ALTER TABLE `address`
ADD CONSTRAINT `fk_address_2`
  FOREIGN KEY (`COUNTRY_ID`)
  REFERENCES `country` (`ID`)
  ON DELETE RESTRICT
  ON UPDATE CASCADE;

ALTER TABLE `payment`
ADD CONSTRAINT `fk_payment_1`
  FOREIGN KEY (`STATUS_ID`)
  REFERENCES `payment_status` (`ID`)
  ON DELETE RESTRICT
  ON UPDATE CASCADE;

ALTER TABLE `payment`
ADD CONSTRAINT `fk_payment_2`
  FOREIGN KEY (`ORDER_ID`)
  REFERENCES `order` (`ID`)
  ON DELETE RESTRICT
  ON UPDATE CASCADE;

ALTER TABLE `order_item`
ADD CONSTRAINT `fk_order_item_1`
  FOREIGN KEY (`PRODUCT_ID`)
  REFERENCES `product` (`ID`)
  ON DELETE RESTRICT
  ON UPDATE CASCADE;

ALTER TABLE `order_item`
ADD CONSTRAINT `fk_order_item_2`
  FOREIGN KEY (`ORDER_ID`)
  REFERENCES `order` (`ID`)
  ON DELETE RESTRICT
  ON UPDATE CASCADE;

ALTER TABLE `category`
ADD CONSTRAINT `fk_category_1`
  FOREIGN KEY (`PARENT_CATEGORY_ID`)
  REFERENCES `category` (`ID`)
  ON DELETE NO ACTION 
  ON UPDATE NO ACTION;
  
ALTER TABLE `product`
ADD CONSTRAINT `fk_product_1`
  FOREIGN KEY (`CATEGORY_ID`)
  REFERENCES `category` (`ID`)
  ON DELETE RESTRICT
  ON UPDATE CASCADE;
  
INSERT INTO `order_status` (`ID`, `NAME`) VALUES
(1, 'Reviewing'),
(2, 'Preparation'),
(3, 'Shipping'),
(4, 'Delivered'),
(5, 'Canceled'),
(6, 'Return');

INSERT INTO `country` (`ID`, `NAME`) VALUES
(1, 'Russia'),
(2, 'USA'),
(3, 'Portugal'),
(4, 'Germany'),
(5, 'France'),
(6, 'Spain'),
(7, 'Italy'),
(8, 'Canada'),
(9, 'UK');

INSERT INTO `category` (`ID`, `NAME`, `PARENT_CATEGORY_ID`) VALUES
(1, 'SmartPhones', 14),
(2, 'CellPhones', 14),
(3, 'SmartWatches', 15),
(4, 'Scales', 16),
(5, 'Face & Body', 16),
(6, 'Hair Care', 16),
(7, 'Laptops', 17),
(8, 'Desktop Computers', 17),
(9, 'Monitors', 17),
(10, 'Tablets', NULL),
(11, 'HeadPhones', 18),
(12, 'Speakers', 18),
(13, 'Accessories', NULL),
(14, 'Phones', NULL),
(15, 'Sport&Fitness', NULL),
(16, 'Home', NULL),
(17, 'Computers', NULL),
(18, 'Audio', NULL);

INSERT INTO `product` (`ID`, `SKU`, `NAME`, `PRICE`, `STOCK`, `CATEGORY_ID`, `DESCRIPTION`) VALUES
(1, 'AB2619197', 'iPhone 14 PRO', 1479, 13, 1, "256GB - Purple - 6,1' - IOS 16"),
(2, 'AB4933769', 'iPhone 14', 799, 22, 1, "128GB - Black - 6,1' - IOS 16"),
(3, 'AB7798227', 'iPhone 14', 899, 23, 1, "256GB - Black - 6,1' - IOS 16"),
(4, 'OP2574962', 'iPhone 13', 699, 45, 1, "256GB - Purple - 6,1' - IOS 16"),
(5, 'IR2745395', 'iPhone 13', 699, 12, 1, "256GB - Black - 6,1' - IOS 16"),
(6, 'RT7576713', 'iPhone 14 Plus', 999, 17, 1, "256GB - Black - 6,7' - IOS 17"),
(7, 'OP4831763', 'iPhone 14 Plus', 899, 13, 1, "128GB - Dark Green - 6,7' - IOS 17"),
(8, 'RT5064894', 'iPhone 14 Plus', 999, 15, 1, "256GB - Dark Green - 6,7' - IOS 17"),
(9, 'IR4606637', 'iPhone 14 PRO max', 1629, 12, 1, "512GB - Midnight - 6,7' - IOS 16"),
(10, 'HC1275249', 'Samsung Galaxy S22 ULTRA', 949, 11, 1, "256GB - Black - 6.8' - 12GB"),
(11, 'HC4776602', 'Samsung Galaxy Z Fold 4', 1599, 16, 1, "256GB - Black - 7.6' - 12GB"),
(12, 'IR9509209', 'Xiaomi 12T PRO', 789, 6, 1, "500GB - Blue - 6.7' - 12GB"),
(13, 'RT9816659', 'Nokia 3310', 59.99, 4, 2, "16GB - Blue - 2.4'  - Card slot "),
(14, 'IR8894473', 'SonyEricsson K800', 94.99, 0, 2, 'Model of 2008'),
(15, 'OP8890821', 'SonyEricsson W200i', 89.99, 0, 2, 'Model 2005 '),
(16, 'IR6365864', 'Samsung Galaxy Watch 4 ', 159.99, 17, 3, '40mm BT - Gold - autonomy 40h - Exynos W920 -water resistent'),
(17, 'IR9468141', 'Xiaomi Mi Band 7', 39.99, 6, 3, "Amoled - 1,62' - autonomy 14days- water resistant"),
(18, 'AB7819714', 'Apple watch 8th Gen', 599, 8, 3, '42mm - Space Gray - GPS'),
(19, 'RT4919273', 'Apple watch ULTRA', 1199, 0, 3, NULL),
(20, 'RT4170318', 'Apple watch SE ', 309.99, 8, 3, '40mm - autonomy 18h - water resistent'),
(21, 'HC3431746', 'Xiaomi mi body composition 2', 29.99, 20, 4, 'max weight 100kg - max 16 users'),
(22, 'OP1682352', 'Braun Series 5 5031s Electric shaver', 79.99, 4, 5, 'Number of attachments 3 - autonomy 50m - water proof'),
(23, 'AB1373035', 'Dyson supersonic hair dryer', 429.99, 3, 6, '16000W - Number of attachments 6 - Vinca blue/rose'),
(24, 'HC3991373', 'BaByliss PRO Titanium Straightener', 119.99, 7, 6, 'Heat protectiv shield'),
(25, 'AB1558224', 'MacBook Air', 949, 10, 7, "13.3' - Intel i5 -  RAM 8GB - 256GB SSD - Rose Gold"),
(26, 'OP6585389', 'MacBook Air', 949, 13, 7, "13.3' - Intel i5 -  RAM 8GB - 256GB SSD - Space Gray"),
(27, 'IR5256826', 'MacBook Pro', 1149, 5, 7, "13.3'  - M2 -  RAM 8GB - 256GB SSD - Space Gray"),
(28, 'RT1433242', 'MacBook Pro', 1599, 0, 7, "14 ' - M2 -  RAM 16GB - 512GB SSD - Space Gray"),
(29, 'HC7197295', 'MacBook Pro', 2099, 20, 7, "14' - M1 pro chip - RAM 16GB - 1TB SSD - Rose Gold"),
(30, 'RT6487376', 'Lenovo ideapad 3i', 499.99, 18, 7, "15.6' - Intel core i3 - RAM 8GB . 256GB SSD - Platinum Gray"),
(31, 'IR9257256', 'ASUS TUF Gaming ', 599, 20, 7, "15.6' - NVIDIA GeForce RTX 3050 - RAM 8GB - 512GB - Eclipse Gray"),
(32, 'RT8702153', 'HP Pavilion Touch screen All-in-one', 1069.99, 10, 8, "24' - Intel core i5 - RAM 12GB - 1TB SSD - Sparkling Black"),
(33, 'IR1735606', 'iMac', 1799, 3, 8, "27' - 5K display - Intel core i5 -RAM 8GB - 256GB SSD - Silver"),
(34, 'OP6243121', 'Samsung A700 series monitor', 269.99, 18, 9, "32' - Led 4K UHD - Black"),
(35, 'OP5532987', 'LG Ultrafine monitor', 596.99, 13, 9, "43' - 4K UHD - Black"),
(36, 'OP5778681', 'Samsung M7 series monitor', 379.99, 5, 9, "43' - Smart Tizen . 4K UHD - White"),
(37, 'IR3607381', 'iPad Air 5th Generation', 749.99, 11, 10, "10.9' - M1 - RAM 8GB - 256GB - Battery Life 10h - Space Gray"),
(38, 'OP5886228', 'iPad Pro (Latest Model) ', 799, 5, 10, "11' - M2 - RAM 8GB - 128GB - Battery Life 10h - Silver"),
(39, 'OP2282929', 'Samsung Galaxy Tab s6 Lite', 269.99, 4, 10, "10.4' - Qualcomm Snapdragon 720G (SM7125) - RAM 4GB - 128GB - Oxford Gray"),
(40, 'HC9975768', 'Samsung Galay Tab s8 Ultra', 1099.99, 15, 10, "14.4' - Qualcomm Snapdragon 8Gen 1 (SM8450) - RAM 16GB - 512GB -Graphite"),
(41, 'HC1157887', 'Lenovo Yoga Tab 11', 349.99, 7, 10, "11'  - MediaTek G90T - RAM 8GB - 256GB - Storm Gray"),
(42, 'IR3343776', 'Airpods Pro 2nd Gen', 399, 4, 11, 'wireless - Noise cancelling - Battery Life 8h - Battery Life with charging case 35h -white'),
(43, 'HC4735363', 'AirPods 2nd generation', 199.99, 11, 11, 'wireless - Noise cancelling - Battery Life 6h - Battery Life with charging case 30h -white'),
(44, 'AB2538858', 'JBLTune 230NC ', 99.99, 17, 11, 'wireless - Noise cancelling - Battery Life 8h - Battery Life with charging case 24h -black'),
(45, 'AB7501718', 'Sony Extra bass in-ear Headphones', 29.99, 20, 11, 'wired - black'),
(46, 'IR3344802', 'Samsung  HW-B650/ZA soundbar', 209.99, 5, 12, "3.1' - Dolby 5.1 - Black"),
(47, 'AB5097376', 'Sonos Beam (Gen 2)', 359.99, 14, 12, 'High resolution audio'),
(48, 'AB6938822', 'Apple HomePod', 499, 4, 12, 'Apple Home Assistant'),
(49, 'AB3145927', 'Yandex Alice Station', 299, 18, 12, 'Yandex Home Assistant'),
(50, 'AB5098751', 'Apple Pencil Gen 1', 99, 12, 13, NULL),
(51, 'IR1196436', 'Apple Pencil Gen 2', 169, 14, 13, NULL),
(52, 'IR3305997', 'Smart Folio Cover for iPad Pro', 199.99, 2, 13, 'Apple Oroginal leather cover for iPad Pro 11.1 inch'),
(53, 'RT2147225', 'Apple Magic Keyboard', 299, 5, 13, 'wireless keyboard (ENG)'),
(54, 'HC8968084', 'Apple Magic Mouse', 149, 8, 13, NULL),
(55, 'OP2815321', 'Apple Magic Trackpad', 149, 3, 13, NULL);

INSERT INTO `payment_status` (`ID`, `NAME`) VALUES
(1, 'Paid'),
(2, 'Canceled'),
(3, 'Return');

INSERT INTO `customer` (`ID`, `FIRST_NAME`, `LAST_NAME`, `SEX`, `BIRTH_YEAR`, `PHONE_NUMBER`, `EMAIL`) VALUES
(1, 'Marianna', 'Müller', 'F', 2001, 47546435538, 'mamül@examplemail.lol'),
(2, 'Charlotte', 'Zurabov', 'F', 1993, 69922111375, 'chazura@examplemail.lol'),
(3, 'Charlotte', 'Blanchet', 'F', 1947, 31167237163, 'charblanc47@examplemail.lol'),
(4, 'Julia', 'Brown', 'F', 2004, 34501089258, 'jbr04@examplemail.lol'),
(5, 'Ines', 'Castro', 'F', 2001, 74583745779, 'ica@examplemail.lol'),
(6, 'Robert', 'Schmidt', 'M', 1966, 38002234769, 'robeschmi66@examplemail.lol'),
(7, 'Charlotte', 'Smith', 'F', 1954, 68213311736, 'charsmith1954@examplemail.lol'),
(8, 'Charlotte', 'Brown', 'F', 1966, 73773339902, 'cbr66@examplemail.lol'),
(9, 'Patricia', 'Smith', 'F', 1945, 87343065607, 'patrsmith@examplemail.lol'),
(10, 'Ines', 'Silva', 'F', 1941, 85001018407, 'inessilva@examplemail.lol'),
(11, 'William', 'Williams', 'M', 1969, 94929224551, 'wilwill69@examplemail.lol'),
(12, 'Andrew', 'Castro', 'M', 1989, 89037974485, 'andcast@examplemail.lol'),
(13, 'Pedro', 'Schmidt', 'M', 1988, 98265902061, 'pedschm@examplemail.lol'),
(14, 'Sophia', 'Motta', 'F', 1958, 98440738776, 'sophmotta58@examplemail.lol'),
(15, 'Jane', 'Zurabov', 'F', 1986, 72341730817, 'janzura@examplemail.lol'),
(16, 'Liam', 'Brown', 'M', 1947, 94768208913, 'liambrown@examplemail.lol'),
(17, 'Jack', 'Abramov', 'M', 1944, 55716635672, 'jackabram44@examplemail.lol'),
(18, 'William', 'Müller', 'M', 1956, 81658250293, 'wmü@examplemail.lol'),
(19, 'Vladislav', 'Silva', 'M', 1942, 73215676433, 'vlsil@examplemail.lol'),
(20, 'David', 'Blanchet', 'M', 1956, 85949396563, 'daviblanc@examplemail.lol'),
(21, 'Ttyana', 'Schmidt', 'F', 1953, 56911161239, 'ttyschm@examplemail.lol'),
(22, 'Jhonny', 'Castro', 'M', 1978, 32342959502, 'jca@examplemail.lol'),
(23, 'Jhonny', 'Abramov', 'M', 1992, 66150705595, 'jhoabra@examplemail.lol'),
(24, 'Ttyana', 'Silva', 'F', 1990, 73614938539, 'ttysilv@examplemail.lol'),
(25, 'Ricardo', 'Abramov', 'M', 1944, 93077224105, 'riabr@examplemail.lol'),
(26, 'Helen', 'Pereira', 'F', 1967, 88754133665, 'hpe1967@examplemail.lol'),
(27, 'David', 'Monet', 'M', 1990, 80595236388, 'davmone1990@examplemail.lol'),
(28, 'William', 'Pereira', 'M', 1955, 70998274213, 'wiper@examplemail.lol'),
(29, 'William', 'Monet', 'M', 1944, 91309222768, 'wimon44@examplemail.lol'),
(30, 'James', 'Smith', 'M', 1958, 42231746808, 'jsm1958@examplemail.lol'),
(31, 'William', 'Santos', 'M', 1950, 48286318577, 'wsa1950@examplemail.lol'),
(32, 'Anna', 'Zurabov', 'F', 2007, 44422255160, 'annzura07@examplemail.lol'),
(33, 'Ttyana', 'Castro', 'F', 1972, 88540444988, 'ttycast1972@examplemail.lol'),
(34, 'Martin', 'Brown', 'M', 2004, 87466494693, 'mabro@examplemail.lol'),
(35, 'Pedro', 'Abramov', 'M', 2012, 30392448685, 'peabr@examplemail.lol'),
(36, 'Ttyana', 'Lavigne', 'F', 1999, 30603800472, 'ttlav1999@examplemail.lol'),
(37, 'Pedro', 'Brown', 'M', 1997, 61522814776, 'pedbrow@examplemail.lol'),
(38, 'Vladislav', 'Santos', 'M', 1988, 64932478996, 'vlsan1988@examplemail.lol'),
(39, 'Ricardo', 'Pereira', 'M', 1993, 62388559020, 'ricpere1993@examplemail.lol'),
(40, 'Ttyana', 'Oliveira', 'F', 2008, 95227490881, 'ttyoliv@examplemail.lol'),
(41, 'Robert', 'Smith', 'M', 1977, 78061478367, 'robsmit77@examplemail.lol'),
(42, 'Emma', 'Müller', 'F', 2002, 80891912898, 'emmamülle@examplemail.lol'),
(43, 'Jack', 'Müller', 'M', 1943, 85561137201, 'jmü@examplemail.lol'),
(44, 'Cristiano', 'Lavigne', 'M', 1978, 57573653053, 'cla@examplemail.lol'),
(45, 'Oliver', 'Zurabov', 'M', 1941, 57336109417, 'olizura1941@examplemail.lol'),
(46, 'Jack', 'Silva', 'M', 1959, 96170208747, 'jasil@examplemail.lol'),
(47, 'Babette', 'Pereira', 'F', 1982, 57002130836, 'baper@examplemail.lol'),
(48, 'Ines', 'Santos', 'F', 1986, 70217891720, 'insan86@examplemail.lol'),
(49, 'James', 'Motta', 'M', 1974, 86670071974, 'jmo1974@examplemail.lol'),
(50, 'Jane', 'Brown', 'F', 1946, 75900753556, 'jabro@examplemail.lol'),
(51, 'Robert', 'Schneider', 'M', 1964, 82847015005, 'rsc64@examplemail.lol'),
(52, 'Pedro', 'Müller', 'M', 1969, 31135055024, 'pedmüll@examplemail.lol'),
(53, 'Diego', 'Santos', 'M', 1949, 87903732755, 'disan@examplemail.lol'),
(54, 'Cristiano', 'Santos', 'M', 1946, 52427140552, 'crsan@examplemail.lol'),
(55, 'Marianna', 'Brown', 'F', 1974, 83344658385, 'maribrown@examplemail.lol'),
(56, 'Oliver', 'Oliveira', 'M', 2004, 67955221729, 'ololi04@examplemail.lol'),
(57, 'Jack', 'Santos', 'M', 1973, 64908925967, 'jacsant1973@examplemail.lol'),
(58, 'Marianna', 'Smith', 'F', 1962, 57656097763, 'marsmit62@examplemail.lol'),
(59, 'Charlotte', 'Castro', 'F', 1984, 42969557605, 'chcas84@examplemail.lol'),
(60, 'Ines', 'Monet', 'F', 1950, 97509100542, 'imo@examplemail.lol'),
(61, 'Barbara', 'Schneider', 'F', 1982, 49792842835, 'bsc82@examplemail.lol'),
(62, 'Emma', 'Motta', 'F', 1994, 90973541677, 'emmmott1994@examplemail.lol'),
(63, 'Oliver', 'Lavigne', 'M', 1996, 33776512916, 'ollav@examplemail.lol'),
(64, 'Charlotte', 'Oliveira', 'F', 1963, 94945776295, 'choli@examplemail.lol'),
(65, 'Daniel', 'Silva', 'M', 1980, 46794602336, 'dasil80@examplemail.lol'),
(66, 'Cristiano', 'Zurabov', 'M', 1992, 64860792527, 'czu92@examplemail.lol'),
(67, 'William', 'Motta', 'M', 2012, 35845665148, 'wmo@examplemail.lol'),
(68, 'Jhonny', 'Lavigne', 'M', 1998, 75601223852, 'jholavi1998@examplemail.lol'),
(69, 'Vladislav', 'Abramov', 'M', 1993, 84851444394, 'vlabr@examplemail.lol'),
(70, 'Pedro', 'Oliveira', 'M', 1960, 40194317422, 'pedoliv1960@examplemail.lol'),
(71, 'Ricardo', 'Williams', 'M', 1990, 60520914208, 'riwil1990@examplemail.lol'),
(72, 'Olivia', 'Motta', 'F', 1982, 70176257594, 'olmot@examplemail.lol'),
(73, 'Helen', 'Lavigne', 'F', 1981, 60141167968, 'hla81@examplemail.lol'),
(74, 'Robert', 'Castro', 'M', 1961, 50364349980, 'robecastr1961@examplemail.lol'),
(75, 'Marianna', 'Blanchet', 'F', 1949, 94699544924, 'mabla@examplemail.lol'),
(76, 'Diego', 'Smith', 'M', 2001, 49216234434, 'dsm@examplemail.lol'),
(77, 'Anna', 'Williams', 'F', 1949, 33854809518, 'anwil49@examplemail.lol'),
(78, 'Marianna', 'Zurabov', 'F', 1956, 53028165708, 'mazur1956@examplemail.lol'),
(79, 'Babette', 'Zurabov', 'F', 1956, 30754550300, 'bazur56@examplemail.lol'),
(80, 'Helen', 'Zurabov', 'F', 1995, 62064412635, 'helzura@examplemail.lol'),
(81, 'Ttyana', 'Motta', 'F', 1943, 41113720329, 'tmo@examplemail.lol'),
(82, 'Marianna', 'Pereira', 'F', 1989, 55089701741, 'mpe1989@examplemail.lol'),
(83, 'Helen', 'Abramov', 'F', 1965, 66851527123, 'helabra@examplemail.lol'),
(84, 'Maria', 'Schneider', 'F', 1956, 94910611470, 'marischne56@examplemail.lol'),
(85, 'Julia', 'Schneider', 'F', 1961, 53495558161, 'jusch@examplemail.lol'),
(86, 'Emma', 'Smith', 'F', 2006, 90834859421, 'emsmi06@examplemail.lol'),
(87, 'Pedro', 'Castro', 'M', 2014, 95588212486, 'pedrcastr2014@examplemail.lol'),
(88, 'Liam', 'Pereira', 'M', 1962, 66500327624, 'lpe@examplemail.lol'),
(89, 'Sophia', 'Zurabov', 'F', 1974, 83031889428, 'sophzurab1974@examplemail.lol'),
(90, 'David', 'Abramov', 'M', 1999, 72296219472, 'davabra99@examplemail.lol'),
(91, 'Martin', 'Pereira', 'M', 1994, 92159516891, 'martperei@examplemail.lol'),
(92, 'James', 'Williams', 'M', 1971, 58549523730, 'jamwill@examplemail.lol'),
(93, 'Anna', 'Lavigne', 'F', 1976, 51885492634, 'ala76@examplemail.lol'),
(94, 'Charlotte', 'Schneider', 'F', 1953, 31578556195, 'charschne1953@examplemail.lol'),
(95, 'Ricardo', 'Monet', 'M', 1948, 97807609261, 'rimon1948@examplemail.lol'),
(96, 'Ttyana', 'Blanchet', 'F', 1993, 49404164036, 'ttyblan@examplemail.lol'),
(97, 'Cristiano', 'Castro', 'M', 2012, 73706310485, 'crcas12@examplemail.lol'),
(98, 'Barbara', 'Pereira', 'F', 2008, 77372684111, 'barbperei@examplemail.lol'),
(99, 'Jane', 'Motta', 'F', 1980, 34177660804, 'janemotta@examplemail.lol'),
(100, 'Daniel', 'Williams', 'M', 1986, 84088801699, 'dawil86@examplemail.lol'),
(101, 'Julia', 'Blanchet', 'F', 2000, 46085743604, 'jubla@examplemail.lol'),
(102, 'Babette', 'Castro', 'F', 1995, 79265895867, 'babcast1995@examplemail.lol'),
(103, 'Barbara', 'Motta', 'F', 1951, 97555244764, 'barbmotta51@examplemail.lol'),
(104, 'Ricardo', 'Zurabov', 'M', 2013, 31024922170, 'riczura13@examplemail.lol'),
(105, 'Diego', 'Pereira', 'M', 1966, 54006787485, 'dpe66@examplemail.lol'),
(106, 'Diego', 'Abramov', 'M', 2007, 93632877648, 'diabr2007@examplemail.lol'),
(107, 'Martin', 'Motta', 'M', 1996, 61467562111, 'mmo96@examplemail.lol'),
(108, 'Oliver', 'Smith', 'M', 1988, 58472528523, 'olsmi1988@examplemail.lol'),
(109, 'Helen', 'Castro', 'F', 1945, 94179605691, 'helcast45@examplemail.lol'),
(110, 'Robert', 'Williams', 'M', 1985, 87431809577, 'rwi85@examplemail.lol'),
(111, 'Maria', 'Lavigne', 'F', 1988, 57202479626, 'marlavi1988@examplemail.lol'),
(112, 'Pedro', 'Lavigne', 'M', 1967, 93606040011, 'pedlavi@examplemail.lol'),
(113, 'Pedro', 'Blanchet', 'M', 2006, 49642343696, 'pedrblanc06@examplemail.lol'),
(114, 'Ttyana', 'Abramov', 'F', 1952, 67461984649, 'ttyabra@examplemail.lol'),
(115, 'Charlotte', 'Abramov', 'F', 1969, 88716058476, 'chaabra69@examplemail.lol'),
(116, 'Daniel', 'Santos', 'M', 2010, 30293668745, 'dasan@examplemail.lol'),
(117, 'Sophia', 'Monet', 'F', 1972, 61265126619, 'smo1972@examplemail.lol'),
(118, 'Marianna', 'Abramov', 'F', 1943, 64531123065, 'maabr43@examplemail.lol'),
(119, 'Emma', 'Schmidt', 'F', 1991, 71089451602, 'emsch91@examplemail.lol'),
(120, 'Martin', 'Oliveira', 'M', 1969, 69494990046, 'martolive@examplemail.lol'),
(121, 'Daniel', 'Lavigne', 'M', 1949, 75651746742, 'dla1949@examplemail.lol'),
(122, 'Daniel', 'Monet', 'M', 1955, 49757898513, 'damon55@examplemail.lol'),
(123, 'Julia', 'Smith', 'F', 2000, 38085612591, 'julsmit@examplemail.lol'),
(124, 'Daniel', 'Oliveira', 'M', 1994, 74488219056, 'daoli1994@examplemail.lol'),
(125, 'Julia', 'Müller', 'F', 1959, 36893053915, 'jmü@examplemail.lol'),
(126, 'Ttyana', 'Monet', 'F', 1958, 79206108167, 'ttmon@examplemail.lol'),
(127, 'Cristiano', 'Müller', 'M', 1999, 91746326136, 'crimüll1999@examplemail.lol'),
(128, 'Julia', 'Williams', 'F', 1950, 35211584666, 'jwi1950@examplemail.lol'),
(129, 'Diego', 'Motta', 'M', 1995, 91053470759, 'dmo95@examplemail.lol'),
(130, 'Diego', 'Schmidt', 'M', 1991, 68557945521, 'diegschmi91@examplemail.lol'),
(131, 'Ricardo', 'Schmidt', 'M', 2014, 65756839959, 'risch@examplemail.lol'),
(132, 'Anna', 'Brown', 'F', 1969, 45355303199, 'abr69@examplemail.lol'),
(133, 'Sophia', 'Brown', 'F', 1958, 93377669564, 'sbr@examplemail.lol'),
(134, 'Julia', 'Abramov', 'F', 1996, 71077165796, 'julabra@examplemail.lol'),
(135, 'Jack', 'Castro', 'M', 1968, 90507982758, 'jackcastr68@examplemail.lol'),
(136, 'Jane', 'Schneider', 'F', 2007, 95438513780, 'jsc2007@examplemail.lol'),
(137, 'Ttyana', 'Zurabov', 'F', 1951, 99820089445, 'ttzur51@examplemail.lol'),
(138, 'Andrew', 'Williams', 'M', 1992, 33582336150, 'andrwilli@examplemail.lol'),
(139, 'Charlotte', 'Monet', 'F', 1964, 78777857130, 'chmon@examplemail.lol'),
(140, 'Martin', 'Müller', 'M', 1967, 53044806828, 'mamül@examplemail.lol'),
(141, 'Jack', 'Monet', 'M', 1976, 76782439223, 'jamon1976@examplemail.lol'),
(142, 'Babette', 'Schmidt', 'F', 2014, 52855775326, 'basch@examplemail.lol'),
(143, 'Babette', 'Brown', 'F', 1957, 52510579740, 'babebrown@examplemail.lol'),
(144, 'Sophia', 'Silva', 'F', 1960, 81832683254, 'sopsilv@examplemail.lol'),
(145, 'Babette', 'Müller', 'F', 1947, 86815666084, 'bmü1947@examplemail.lol'),
(146, 'Patricia', 'Schmidt', 'F', 1946, 64657925542, 'patrschmi@examplemail.lol'),
(147, 'Jhonny', 'Santos', 'M', 2011, 39438164019, 'jsa@examplemail.lol'),
(148, 'Emma', 'Santos', 'F', 1994, 48255459157, 'emmsant@examplemail.lol'),
(149, 'Ricardo', 'Oliveira', 'M', 1953, 34237822768, 'rol53@examplemail.lol'),
(150, 'Babette', 'Motta', 'F', 1961, 35584476261, 'babemotta@examplemail.lol'),
(151, 'Olivia', 'Smith', 'F', 1948, 66963283738, 'olivsmith@examplemail.lol'),
(152, 'Barbara', 'Schmidt', 'F', 1951, 73419561963, 'barbschmi@examplemail.lol'),
(153, 'Robert', 'Santos', 'M', 1963, 42303120019, 'rosan@examplemail.lol'),
(154, 'Jhonny', 'Zurabov', 'M', 1960, 62302745849, 'jhonzurab1960@examplemail.lol'),
(155, 'Ines', 'Müller', 'F', 1983, 38567343163, 'inemüll83@examplemail.lol'),
(156, 'Jack', 'Smith', 'M', 1966, 86428349711, 'jacksmith66@examplemail.lol'),
(157, 'Pedro', 'Monet', 'M', 1945, 48868631635, 'pedmone45@examplemail.lol'),
(158, 'Ricardo', 'Blanchet', 'M', 2004, 99941667354, 'rbl04@examplemail.lol'),
(159, 'Liam', 'Oliveira', 'M', 2012, 55599723628, 'lol12@examplemail.lol'),
(160, 'Charlotte', 'Müller', 'F', 1997, 62723201803, 'chmül@examplemail.lol'),
(161, 'Anna', 'Schneider', 'F', 2007, 55620357995, 'asc2007@examplemail.lol'),
(162, 'Diego', 'Zurabov', 'M', 1992, 94515640266, 'dzu92@examplemail.lol'),
(163, 'James', 'Pereira', 'M', 2012, 97864895645, 'jameperei2012@examplemail.lol'),
(164, 'Babette', 'Smith', 'F', 1973, 61951865138, 'bsm1973@examplemail.lol'),
(165, 'Marianna', 'Oliveira', 'F', 1959, 67624009796, 'maoli59@examplemail.lol'),
(166, 'Maria', 'Blanchet', 'F', 1945, 93250684312, 'mariblanc@examplemail.lol'),
(167, 'Barbara', 'Oliveira', 'F', 1978, 43879733351, 'barbolive78@examplemail.lol'),
(168, 'Ricardo', 'Schneider', 'M', 1963, 98931617290, 'ricschn@examplemail.lol'),
(169, 'Helen', 'Monet', 'F', 1990, 91593413562, 'hemon@examplemail.lol'),
(170, 'David', 'Williams', 'M', 1978, 45093852539, 'daviwilli78@examplemail.lol'),
(171, 'Patricia', 'Schneider', 'F', 1968, 50910182560, 'patrschne@examplemail.lol'),
(172, 'Julia', 'Castro', 'F', 1983, 51754702856, 'jca1983@examplemail.lol'),
(173, 'Jane', 'Oliveira', 'F', 1965, 79938717471, 'jaoli1965@examplemail.lol'),
(174, 'Anna', 'Blanchet', 'F', 1990, 41978294203, 'annblan@examplemail.lol'),
(175, 'Julia', 'Schmidt', 'F', 1980, 74963088753, 'julschm@examplemail.lol'),
(176, 'Robert', 'Monet', 'M', 1949, 47061368619, 'robemonet@examplemail.lol'),
(177, 'Oliver', 'Motta', 'M', 1947, 31038745166, 'olivmotta@examplemail.lol'),
(178, 'Sophia', 'Blanchet', 'F', 2001, 68730183029, 'sbl@examplemail.lol'),
(179, 'Olivia', 'Brown', 'F', 1954, 73693572125, 'obr@examplemail.lol'),
(180, 'Ines', 'Pereira', 'F', 1991, 70433840287, 'ipe91@examplemail.lol'),
(181, 'Cristiano', 'Williams', 'M', 1968, 80662456630, 'crwil@examplemail.lol'),
(182, 'Emma', 'Blanchet', 'F', 1959, 72539356663, 'emmblan1959@examplemail.lol'),
(183, 'Patricia', 'Motta', 'F', 2008, 95780715359, 'pmo@examplemail.lol'),
(184, 'Sophia', 'Pereira', 'F', 2003, 42687335491, 'spe@examplemail.lol'),
(185, 'Emma', 'Abramov', 'F', 1944, 80661004772, 'emabr1944@examplemail.lol'),
(186, 'Daniel', 'Blanchet', 'M', 1975, 39974563973, 'dbl75@examplemail.lol'),
(187, 'Maria', 'Oliveira', 'F', 1996, 53848474757, 'mariolive@examplemail.lol'),
(188, 'Olivia', 'Silva', 'F', 1955, 37696311740, 'osi1955@examplemail.lol'),
(189, 'Vladislav', 'Blanchet', 'M', 1981, 71947262960, 'vlablan@examplemail.lol'),
(190, 'Martin', 'Smith', 'M', 2008, 61690089421, 'martsmith08@examplemail.lol'),
(191, 'Andrew', 'Monet', 'M', 1964, 57452457099, 'amo@examplemail.lol'),
(192, 'Cristiano', 'Schneider', 'M', 1977, 80683160460, 'csc77@examplemail.lol'),
(193, 'Liam', 'Schmidt', 'M', 2011, 60088827774, 'liaschm@examplemail.lol'),
(194, 'Andrew', 'Abramov', 'M', 1995, 50834889543, 'aab@examplemail.lol'),
(195, 'Helen', 'Motta', 'F', 2011, 59203355118, 'helmott@examplemail.lol'),
(196, 'Charlotte', 'Williams', 'F', 1990, 55261829931, 'chawill@examplemail.lol'),
(197, 'Barbara', 'Williams', 'F', 1982, 72482855343, 'bwi82@examplemail.lol'),
(198, 'Anna', 'Smith', 'F', 1982, 56577519586, 'ansmi82@examplemail.lol'),
(199, 'Maria', 'Pereira', 'F', 2002, 69611378966, 'maper@examplemail.lol'),
(200, 'Emma', 'Brown', 'F', 1972, 62654534972, 'ebr@examplemail.lol'),
(201, 'Helen', 'Williams', 'F', 2007, 60516388445, 'hewil2007@examplemail.lol'),
(202, 'Andrew', 'Santos', 'M', 1984, 81855699759, 'andrsanto@examplemail.lol'),
(203, 'Cristiano', 'Brown', 'M', 1961, 31642492109, 'crisbrown1961@examplemail.lol'),
(204, 'Vladislav', 'Schneider', 'M', 1949, 72513762121, 'vsc1949@examplemail.lol'),
(205, 'Charlotte', 'Schmidt', 'F', 1964, 49113967751, 'charschmi1964@examplemail.lol'),
(206, 'Barbara', 'Blanchet', 'F', 1993, 92496129924, 'barbblanc1993@examplemail.lol'),
(207, 'Oliver', 'Castro', 'M', 1979, 86235017906, 'olicast@examplemail.lol'),
(208, 'Marianna', 'Williams', 'F', 1951, 84555620576, 'mawil1951@examplemail.lol'),
(209, 'Sophia', 'Schneider', 'F', 2011, 42563134536, 'sosch11@examplemail.lol'),
(210, 'David', 'Castro', 'M', 2000, 51256659160, 'dacas@examplemail.lol'),
(211, 'Patricia', 'Pereira', 'F', 2009, 75738594943, 'patpere09@examplemail.lol'),
(212, 'Jhonny', 'Müller', 'M', 1941, 38950016893, 'jmü@examplemail.lol'),
(213, 'Helen', 'Müller', 'F', 1979, 58374455779, 'helmüll@examplemail.lol'),
(214, 'Jhonny', 'Schmidt', 'M', 1995, 97663825987, 'jhsch95@examplemail.lol'),
(215, 'Charlotte', 'Motta', 'F', 1980, 52631702179, 'chamott@examplemail.lol'),
(216, 'Emma', 'Williams', 'F', 1978, 31798295804, 'emwil@examplemail.lol'),
(217, 'Helen', 'Smith', 'F', 1952, 80138985451, 'helsmit1952@examplemail.lol'),
(218, 'David', 'Santos', 'M', 1952, 33926263486, 'davsant1952@examplemail.lol'),
(219, 'Olivia', 'Santos', 'F', 2000, 74723902772, 'olsan@examplemail.lol'),
(220, 'Anna', 'Santos', 'F', 1947, 67585595094, 'ansan1947@examplemail.lol'),
(221, 'Maria', 'Castro', 'F', 1946, 57506570430, 'maricastr46@examplemail.lol'),
(222, 'Liam', 'Smith', 'M', 1989, 60124388893, 'liamsmith89@examplemail.lol'),
(223, 'Jack', 'Lavigne', 'M', 1983, 50440214130, 'jacklavig1983@examplemail.lol'),
(224, 'Jane', 'Blanchet', 'F', 1959, 83141452660, 'jbl1959@examplemail.lol'),
(225, 'Pedro', 'Schneider', 'M', 1954, 93829981771, 'pedschn@examplemail.lol'),
(226, 'Jack', 'Schmidt', 'M', 1959, 62299230230, 'jacschm59@examplemail.lol'),
(227, 'Jack', 'Williams', 'M', 2011, 77714359172, 'jawil@examplemail.lol'),
(228, 'James', 'Schneider', 'M', 1941, 89840782083, 'jameschne@examplemail.lol'),
(229, 'Jane', 'Pereira', 'F', 1962, 49855583448, 'janeperei1962@examplemail.lol'),
(230, 'James', 'Brown', 'M', 2010, 79465643399, 'jamebrown10@examplemail.lol'),
(231, 'Ines', 'Schmidt', 'F', 1960, 94280186102, 'ineschm1960@examplemail.lol'),
(232, 'Oliver', 'Williams', 'M', 1956, 78534233160, 'oliwill@examplemail.lol'),
(233, 'Barbara', 'Santos', 'F', 1984, 59138401345, 'barbsanto1984@examplemail.lol'),
(234, 'Vladislav', 'Brown', 'M', 1963, 48132298694, 'vbr@examplemail.lol'),
(235, 'Ines', 'Abramov', 'F', 1955, 55697784121, 'inesabram@examplemail.lol'),
(236, 'Barbara', 'Smith', 'F', 1992, 90924358094, 'barsmit1992@examplemail.lol'),
(237, 'Jane', 'Smith', 'F', 1965, 96886337984, 'jansmit65@examplemail.lol'),
(238, 'David', 'Lavigne', 'M', 1948, 41872053951, 'dalav1948@examplemail.lol'),
(239, 'Jane', 'Müller', 'F', 2005, 51438874253, 'jmü2005@examplemail.lol'),
(240, 'Martin', 'Schneider', 'M', 2003, 60675844817, 'masch@examplemail.lol'),
(241, 'David', 'Smith', 'M', 2009, 90659848257, 'davismith@examplemail.lol'),
(242, 'Daniel', 'Zurabov', 'M', 1987, 56174149913, 'dazur1987@examplemail.lol'),
(243, 'Julia', 'Pereira', 'F', 1947, 80582237311, 'juper@examplemail.lol'),
(244, 'Julia', 'Lavigne', 'F', 1975, 73972355297, 'jla@examplemail.lol'),
(245, 'Vladislav', 'Pereira', 'M', 2002, 65456625705, 'vpe02@examplemail.lol'),
(246, 'Jack', 'Blanchet', 'M', 1942, 81498702550, 'jacblan1942@examplemail.lol'),
(247, 'Ricardo', 'Brown', 'M', 2007, 55085657923, 'ribro@examplemail.lol'),
(248, 'Ttyana', 'Schneider', 'F', 1978, 93547231842, 'ttsch78@examplemail.lol'),
(249, 'Julia', 'Santos', 'F', 1974, 40590694048, 'jsa74@examplemail.lol'),
(250, 'Babette', 'Monet', 'F', 1968, 93103176989, 'bamon@examplemail.lol'),
(251, 'Anna', 'Motta', 'F', 1972, 55790006227, 'annamotta@examplemail.lol'),
(252, 'James', 'Müller', 'M', 2000, 85697633374, 'jamül@examplemail.lol'),
(253, 'Julia', 'Monet', 'F', 1953, 46451554168, 'julimonet@examplemail.lol'),
(254, 'Jhonny', 'Schneider', 'M', 1972, 35292371928, 'jsc@examplemail.lol'),
(255, 'Diego', 'Schneider', 'M', 1946, 37474885269, 'diegschne46@examplemail.lol'),
(256, 'Liam', 'Müller', 'M', 1947, 62403451847, 'liammülle1947@examplemail.lol'),
(257, 'Cristiano', 'Monet', 'M', 1967, 69380720622, 'crismonet@examplemail.lol'),
(258, 'Anna', 'Schmidt', 'F', 1963, 40000913308, 'ansch@examplemail.lol'),
(259, 'Babette', 'Abramov', 'F', 1949, 72535605646, 'baabr49@examplemail.lol'),
(260, 'Jhonny', 'Pereira', 'M', 1996, 64503652551, 'jhper@examplemail.lol'),
(261, 'Olivia', 'Williams', 'F', 2010, 62159098932, 'oliwill@examplemail.lol'),
(262, 'Vladislav', 'Schmidt', 'M', 2007, 48134649805, 'vlsch07@examplemail.lol'),
(263, 'Andrew', 'Schmidt', 'M', 1975, 61936699181, 'andschm75@examplemail.lol'),
(264, 'Oliver', 'Schmidt', 'M', 1975, 99579406963, 'olivschmi@examplemail.lol'),
(265, 'Andrew', 'Motta', 'M', 2002, 87545014068, 'amo@examplemail.lol'),
(266, 'Liam', 'Schneider', 'M', 1979, 39444520797, 'lisch79@examplemail.lol'),
(267, 'Vladislav', 'Williams', 'M', 1968, 67616949340, 'vwi@examplemail.lol'),
(268, 'Babette', 'Lavigne', 'F', 1959, 55979419872, 'balav59@examplemail.lol'),
(269, 'David', 'Oliveira', 'M', 1961, 56158051820, 'daviolive1961@examplemail.lol'),
(270, 'Jack', 'Schneider', 'M', 1992, 75083659213, 'jacschn@examplemail.lol'),
(271, 'Maria', 'Santos', 'F', 1976, 35787469681, 'marisanto1976@examplemail.lol'),
(272, 'Sophia', 'Lavigne', 'F', 2008, 57917271595, 'sophlavig@examplemail.lol'),
(273, 'Oliver', 'Müller', 'M', 2004, 83810607576, 'olimüll@examplemail.lol'),
(274, 'Patricia', 'Blanchet', 'F', 1978, 64465083858, 'patrblanc@examplemail.lol'),
(275, 'Olivia', 'Pereira', 'F', 2013, 96057148364, 'olivperei@examplemail.lol'),
(276, 'Marianna', 'Santos', 'F', 1992, 42046054625, 'msa@examplemail.lol'),
(277, 'Jack', 'Brown', 'M', 1976, 94307029034, 'jackbrown@examplemail.lol'),
(278, 'Pedro', 'Smith', 'M', 2002, 32568340151, 'pedsmit@examplemail.lol'),
(279, 'James', 'Blanchet', 'M', 1968, 40670607830, 'jamblan1968@examplemail.lol'),
(280, 'Daniel', 'Brown', 'M', 1947, 85348661033, 'dabro@examplemail.lol'),
(281, 'Liam', 'Blanchet', 'M', 1978, 68775023043, 'lbl78@examplemail.lol'),
(282, 'Patricia', 'Abramov', 'F', 1951, 95810778090, 'patabra@examplemail.lol'),
(283, 'Jhonny', 'Monet', 'M', 2009, 69054488150, 'jhomone2009@examplemail.lol'),
(284, 'James', 'Santos', 'M', 2004, 48299405258, 'jamesanto2004@examplemail.lol'),
(285, 'Martin', 'Zurabov', 'M', 1941, 72359916203, 'mazur@examplemail.lol'),
(286, 'Vladislav', 'Zurabov', 'M', 1959, 81713844063, 'vzu@examplemail.lol'),
(287, 'Ines', 'Williams', 'F', 1946, 83777277808, 'inewill46@examplemail.lol'),
(288, 'Robert', 'Brown', 'M', 1973, 33804863629, 'robebrown1973@examplemail.lol'),
(289, 'Diego', 'Monet', 'M', 1986, 34047712365, 'dmo@examplemail.lol'),
(290, 'Andrew', 'Smith', 'M', 1959, 46279322585, 'andrsmith59@examplemail.lol'),
(291, 'Anna', 'Monet', 'F', 1993, 65334863050, 'annmone@examplemail.lol'),
(292, 'Ines', 'Brown', 'F', 1946, 58605851110, 'inebrow1946@examplemail.lol'),
(293, 'Pedro', 'Williams', 'M', 1957, 37789658357, 'pwi@examplemail.lol'),
(294, 'Patricia', 'Müller', 'F', 1993, 48595821202, 'pamül93@examplemail.lol'),
(295, 'Charlotte', 'Santos', 'F', 1999, 99432813107, 'chasant@examplemail.lol'),
(296, 'Jhonny', 'Silva', 'M', 1981, 30016293224, 'jhosilv@examplemail.lol'),
(297, 'Andrew', 'Lavigne', 'M', 1958, 99307751578, 'ala@examplemail.lol'),
(298, 'Diego', 'Silva', 'M', 2006, 36165642056, 'diesilv@examplemail.lol'),
(299, 'Sophia', 'Müller', 'F', 1943, 85737505674, 'smü@examplemail.lol'),
(300, 'Emma', 'Oliveira', 'F', 2013, 59000882883, 'emmaolive2013@examplemail.lol'),
(301, 'Maria', 'Smith', 'F', 1978, 33938974895, 'masmi@examplemail.lol'),
(302, 'James', 'Oliveira', 'M', 1989, 83748549331, 'jameolive1989@examplemail.lol'),
(303, 'Martin', 'Lavigne', 'M', 1960, 72144945702, 'martlavig@examplemail.lol'),
(304, 'Robert', 'Oliveira', 'M', 1968, 56206378268, 'robeolive@examplemail.lol'),
(305, 'Jhonny', 'Smith', 'M', 2007, 65870105408, 'jsm@examplemail.lol'),
(306, 'Julia', 'Zurabov', 'F', 1960, 48488480211, 'julzura1960@examplemail.lol'),
(307, 'Ricardo', 'Silva', 'M', 2010, 96124827617, 'ricsilv@examplemail.lol'),
(308, 'James', 'Schmidt', 'M', 1990, 33976122307, 'jameschmi90@examplemail.lol'),
(309, 'Jack', 'Motta', 'M', 2002, 72274369616, 'jackmotta@examplemail.lol'),
(310, 'Patricia', 'Monet', 'F', 1994, 79708873550, 'patmone@examplemail.lol'),
(311, 'Diego', 'Müller', 'M', 1949, 83889744092, 'dmü1949@examplemail.lol'),
(312, 'Charlotte', 'Silva', 'F', 1958, 40451758631, 'chsil1958@examplemail.lol'),
(313, 'Emma', 'Schneider', 'F', 1978, 55061600921, 'emsch@examplemail.lol'),
(314, 'Andrew', 'Silva', 'M', 1961, 45770078763, 'andrsilva1961@examplemail.lol'),
(315, 'Liam', 'Abramov', 'M', 1966, 59189311225, 'liamabram1966@examplemail.lol'),
(316, 'Ines', 'Blanchet', 'F', 1987, 78175336059, 'inbla87@examplemail.lol'),
(317, 'Jhonny', 'Brown', 'M', 1950, 73303642808, 'jbr1950@examplemail.lol'),
(318, 'Pedro', 'Pereira', 'M', 1993, 79016698611, 'pedpere1993@examplemail.lol'),
(319, 'David', 'Silva', 'M', 1943, 36233651338, 'davisilva1943@examplemail.lol'),
(320, 'James', 'Monet', 'M', 1986, 43236150925, 'jamon@examplemail.lol'),
(321, 'Olivia', 'Schneider', 'F', 1979, 86146922835, 'olischn1979@examplemail.lol'),
(322, 'Liam', 'Zurabov', 'M', 1988, 42897381003, 'liazura88@examplemail.lol'),
(323, 'Ricardo', 'Lavigne', 'M', 1977, 63866291566, 'ricalavig@examplemail.lol'),
(324, 'Oliver', 'Abramov', 'M', 1949, 49427917386, 'oab@examplemail.lol'),
(325, 'Jhonny', 'Blanchet', 'M', 1998, 96275883057, 'jhbla98@examplemail.lol'),
(326, 'Daniel', 'Motta', 'M', 1990, 35482591790, 'danimotta@examplemail.lol'),
(327, 'Anna', 'Abramov', 'F', 1941, 41501385615, 'annabra1941@examplemail.lol'),
(328, 'David', 'Pereira', 'M', 2011, 66533754135, 'davpere11@examplemail.lol'),
(329, 'Olivia', 'Monet', 'F', 1949, 93460333400, 'olmon@examplemail.lol'),
(330, 'Robert', 'Zurabov', 'M', 1945, 95668486251, 'robzura@examplemail.lol'),
(331, 'James', 'Zurabov', 'M', 1967, 89274794216, 'jzu1967@examplemail.lol'),
(332, 'Martin', 'Monet', 'M', 1943, 50081267888, 'mmo@examplemail.lol'),
(333, 'Babette', 'Santos', 'F', 2013, 65827108069, 'basan@examplemail.lol'),
(334, 'Maria', 'Schmidt', 'F', 1980, 95766104951, 'masch80@examplemail.lol'),
(335, 'Robert', 'Motta', 'M', 1987, 38879113861, 'robmott@examplemail.lol'),
(336, 'Ines', 'Motta', 'F', 2005, 68810158802, 'inemott@examplemail.lol'),
(337, 'Liam', 'Lavigne', 'M', 1961, 86344630294, 'lilav@examplemail.lol'),
(338, 'Marianna', 'Lavigne', 'F', 1971, 65086299043, 'mla@examplemail.lol'),
(339, 'Andrew', 'Oliveira', 'M', 2012, 61775637536, 'andoliv@examplemail.lol'),
(340, 'William', 'Oliveira', 'M', 1973, 64701258004, 'wiloliv@examplemail.lol'),
(341, 'Julia', 'Silva', 'F', 1985, 96265812799, 'julsilv@examplemail.lol'),
(342, 'Sophia', 'Abramov', 'F', 2014, 52098596622, 'sophabram2014@examplemail.lol'),
(343, 'Babette', 'Schneider', 'F', 1981, 95935617688, 'bsc@examplemail.lol'),
(344, 'Barbara', 'Müller', 'F', 1962, 85468851303, 'bamül@examplemail.lol'),
(345, 'Liam', 'Santos', 'M', 2005, 88477690522, 'liamsanto@examplemail.lol'),
(346, 'Olivia', 'Castro', 'F', 1994, 86284883373, 'olivcastr94@examplemail.lol'),
(347, 'Helen', 'Santos', 'F', 1972, 91059268044, 'helsant@examplemail.lol'),
(348, 'Oliver', 'Blanchet', 'M', 1977, 82001514535, 'olbla77@examplemail.lol'),
(349, 'Ttyana', 'Pereira', 'F', 2009, 62162020563, 'tpe2009@examplemail.lol'),
(350, 'Barbara', 'Castro', 'F', 1984, 36737892995, 'barbcastr84@examplemail.lol'),
(351, 'Barbara', 'Zurabov', 'F', 1984, 94721412952, 'barzura1984@examplemail.lol'),
(352, 'Ines', 'Zurabov', 'F', 1963, 81389114973, 'inzur1963@examplemail.lol'),
(353, 'Patricia', 'Williams', 'F', 1950, 78258958215, 'patwill50@examplemail.lol'),
(354, 'Robert', 'Lavigne', 'M', 2010, 61377224201, 'rolav@examplemail.lol'),
(355, 'Liam', 'Monet', 'M', 1951, 62985871194, 'limon@examplemail.lol'),
(356, 'Cristiano', 'Motta', 'M', 1977, 30287772778, 'cmo1977@examplemail.lol'),
(357, 'Ttyana', 'Smith', 'F', 1977, 78075211799, 'ttsmi@examplemail.lol'),
(358, 'Babette', 'Blanchet', 'F', 2012, 55791031263, 'bbl2012@examplemail.lol'),
(359, 'Sophia', 'Santos', 'F', 1993, 53304442146, 'sosan@examplemail.lol'),
(360, 'Patricia', 'Santos', 'F', 2003, 63045273826, 'patrsanto@examplemail.lol'),
(361, 'Julia', 'Oliveira', 'F', 2005, 31432705259, 'jol@examplemail.lol'),
(362, 'James', 'Silva', 'M', 1961, 90767232011, 'jsi@examplemail.lol'),
(363, 'William', 'Lavigne', 'M', 1952, 80017807654, 'willavi1952@examplemail.lol'),
(364, 'Daniel', 'Schmidt', 'M', 2007, 53509738548, 'dsc2007@examplemail.lol'),
(365, 'Robert', 'Müller', 'M', 1956, 72496571131, 'romül56@examplemail.lol'),
(366, 'James', 'Castro', 'M', 2001, 66960995624, 'jca@examplemail.lol'),
(367, 'Ines', 'Schneider', 'F', 1962, 94537946188, 'inesschne@examplemail.lol'),
(368, 'Daniel', 'Müller', 'M', 1946, 50855824612, 'dmü1946@examplemail.lol'),
(369, 'Anna', 'Silva', 'F', 1954, 44892609052, 'annsilv@examplemail.lol'),
(370, 'Marianna', 'Silva', 'F', 1989, 69383263048, 'marisilva@examplemail.lol'),
(371, 'Barbara', 'Lavigne', 'F', 1974, 65532277720, 'bla74@examplemail.lol'),
(372, 'Diego', 'Blanchet', 'M', 1947, 97464475805, 'dibla1947@examplemail.lol'),
(373, 'Patricia', 'Brown', 'F', 1947, 61474361671, 'pbr47@examplemail.lol'),
(374, 'Jane', 'Schmidt', 'F', 1996, 55916836549, 'jsc1996@examplemail.lol'),
(375, 'Martin', 'Silva', 'M', 1997, 86647305092, 'marsilv1997@examplemail.lol'),
(376, 'Cristiano', 'Abramov', 'M', 1985, 52074455390, 'crisabram85@examplemail.lol'),
(377, 'Emma', 'Lavigne', 'F', 1990, 31598863963, 'emmalavig@examplemail.lol'),
(378, 'Jack', 'Oliveira', 'M', 1965, 97451637664, 'jacoliv@examplemail.lol'),
(379, 'Ttyana', 'Müller', 'F', 1960, 35718015815, 'ttmül1960@examplemail.lol'),
(380, 'Olivia', 'Zurabov', 'F', 1949, 53205218471, 'olizura1949@examplemail.lol'),
(381, 'Andrew', 'Müller', 'M', 1973, 81831349790, 'amü@examplemail.lol'),
(382, 'Ttyana', 'Brown', 'F', 1974, 74889248001, 'ttybrow@examplemail.lol'),
(383, 'Cristiano', 'Blanchet', 'M', 1986, 59539782448, 'criblan86@examplemail.lol'),
(384, 'Liam', 'Silva', 'M', 1998, 34047952803, 'liamsilva@examplemail.lol'),
(385, 'Helen', 'Silva', 'F', 1953, 77061649655, 'hsi@examplemail.lol'),
(386, 'Patricia', 'Silva', 'F', 1963, 44526747034, 'patrsilva63@examplemail.lol'),
(387, 'Helen', 'Blanchet', 'F', 1998, 49092029413, 'heleblanc@examplemail.lol'),
(388, 'Pedro', 'Motta', 'M', 2007, 36696046200, 'pemot07@examplemail.lol'),
(389, 'Vladislav', 'Motta', 'M', 1954, 30784349194, 'vlmot@examplemail.lol'),
(390, 'Marianna', 'Schneider', 'F', 2011, 55506073157, 'masch11@examplemail.lol'),
(391, 'Olivia', 'Lavigne', 'F', 1942, 40091286397, 'olilavi@examplemail.lol'),
(392, 'Olivia', 'Müller', 'F', 1978, 73590655222, 'olivmülle78@examplemail.lol'),
(393, 'Jane', 'Silva', 'F', 1988, 40622401688, 'jsi@examplemail.lol'),
(394, 'Jhonny', 'Williams', 'M', 1990, 56908013664, 'jhonwilli@examplemail.lol'),
(395, 'Vladislav', 'Monet', 'M', 1982, 99423847988, 'vladmonet1982@examplemail.lol'),
(396, 'Marianna', 'Schmidt', 'F', 1959, 49997603835, 'marischmi@examplemail.lol'),
(397, 'Jack', 'Zurabov', 'M', 1959, 47642604044, 'jazur1959@examplemail.lol'),
(398, 'Diego', 'Oliveira', 'M', 1992, 88268598807, 'dioli@examplemail.lol'),
(399, 'David', 'Brown', 'M', 1974, 80607996012, 'dabro1974@examplemail.lol'),
(400, 'Babette', 'Silva', 'F', 2009, 32189036811, 'babesilva@examplemail.lol'),
(401, 'Helen', 'Oliveira', 'F', 1978, 58810182571, 'heleolive@examplemail.lol'),
(402, 'Patricia', 'Zurabov', 'F', 1955, 80559455188, 'patzura@examplemail.lol'),
(403, 'Ricardo', 'Müller', 'M', 1956, 75186349910, 'rimül1956@examplemail.lol'),
(404, 'Helen', 'Schneider', 'F', 2001, 89969790469, 'helschn@examplemail.lol'),
(405, 'William', 'Silva', 'M', 1943, 87582323949, 'wilsilv1943@examplemail.lol'),
(406, 'Cristiano', 'Smith', 'M', 1941, 51346463153, 'crsmi@examplemail.lol'),
(407, 'Martin', 'Abramov', 'M', 2002, 36099987035, 'marabra@examplemail.lol'),
(408, 'Ines', 'Lavigne', 'F', 1947, 40350749782, 'inelavi1947@examplemail.lol'),
(409, 'Jane', 'Lavigne', 'F', 1992, 57791788928, 'jalav@examplemail.lol'),
(410, 'Patricia', 'Castro', 'F', 1975, 33373362953, 'patcast@examplemail.lol'),
(411, 'Maria', 'Monet', 'F', 1972, 42190313990, 'marimonet72@examplemail.lol'),
(412, 'David', 'Schmidt', 'M', 2001, 62708441209, 'dsc@examplemail.lol'),
(413, 'Anna', 'Oliveira', 'F', 1944, 76625483040, 'annoliv@examplemail.lol'),
(414, 'Robert', 'Pereira', 'M', 1969, 71765702758, 'robeperei69@examplemail.lol'),
(415, 'Ricardo', 'Castro', 'M', 1963, 95775950616, 'rca1963@examplemail.lol'),
(416, 'Patricia', 'Oliveira', 'F', 2010, 92037671545, 'pol2010@examplemail.lol'),
(417, 'Daniel', 'Pereira', 'M', 1953, 99909181461, 'danpere@examplemail.lol'),
(418, 'Sophia', 'Castro', 'F', 1943, 90346680984, 'socas@examplemail.lol'),
(419, 'Ricardo', 'Motta', 'M', 1959, 34464359542, 'rmo@examplemail.lol'),
(420, 'Maria', 'Silva', 'F', 2001, 57884296888, 'marisilva@examplemail.lol'),
(421, 'Jhonny', 'Motta', 'M', 1982, 41048320810, 'jhmot82@examplemail.lol'),
(422, 'Daniel', 'Smith', 'M', 1944, 44391936006, 'danismith44@examplemail.lol'),
(423, 'William', 'Abramov', 'M', 1947, 53622080953, 'wilabra47@examplemail.lol'),
(424, 'Sophia', 'Smith', 'F', 1948, 40190659283, 'sopsmit1948@examplemail.lol'),
(425, 'Helen', 'Brown', 'F', 1952, 67397116681, 'helbrow@examplemail.lol'),
(426, 'Ines', 'Oliveira', 'F', 1949, 42109324775, 'iol49@examplemail.lol'),
(427, 'Charlotte', 'Lavigne', 'F', 2010, 64699229435, 'cla@examplemail.lol'),
(428, 'Marianna', 'Motta', 'F', 1967, 88430925873, 'mamot1967@examplemail.lol'),
(429, 'Babette', 'Oliveira', 'F', 1960, 73569640830, 'baoli1960@examplemail.lol'),
(430, 'Diego', 'Castro', 'M', 1970, 53371889276, 'dicas70@examplemail.lol'),
(431, 'William', 'Schneider', 'M', 1952, 47303065517, 'wsc@examplemail.lol'),
(432, 'Martin', 'Blanchet', 'M', 1981, 85556502540, 'marblan@examplemail.lol'),
(433, 'Robert', 'Silva', 'M', 1985, 76937242080, 'rosil@examplemail.lol'),
(434, 'Jhonny', 'Oliveira', 'M', 1973, 81974740109, 'jhooliv@examplemail.lol'),
(435, 'Sophia', 'Williams', 'F', 1966, 42180165585, 'sopwill1966@examplemail.lol'),
(436, 'Andrew', 'Pereira', 'M', 1970, 32518445133, 'anper70@examplemail.lol'),
(437, 'Martin', 'Schmidt', 'M', 1970, 39857861353, 'martschmi1970@examplemail.lol'),
(438, 'Anna', 'Pereira', 'F', 1948, 36958022437, 'annaperei1948@examplemail.lol'),
(439, 'William', 'Brown', 'M', 1944, 39155897268, 'wbr44@examplemail.lol'),
(440, 'Maria', 'Williams', 'F', 1954, 86039385559, 'mwi1954@examplemail.lol'),
(441, 'Maria', 'Motta', 'F', 1947, 79862251384, 'mmo@examplemail.lol'),
(442, 'Martin', 'Santos', 'M', 1971, 84507565160, 'marsant@examplemail.lol'),
(443, 'Diego', 'Williams', 'M', 2012, 61918453205, 'dwi@examplemail.lol'),
(444, 'Sophia', 'Oliveira', 'F', 1957, 77337980332, 'sol@examplemail.lol'),
(445, 'Ricardo', 'Smith', 'M', 1984, 33124304565, 'ricsmit@examplemail.lol'),
(446, 'Barbara', 'Brown', 'F', 1955, 55809348440, 'barbbrown@examplemail.lol'),
(447, 'Olivia', 'Schmidt', 'F', 1979, 55772416502, 'olivschmi@examplemail.lol'),
(448, 'Ricardo', 'Santos', 'M', 1962, 72554813400, 'ricasanto62@examplemail.lol'),
(449, 'William', 'Smith', 'M', 1947, 36523175759, 'wsm@examplemail.lol'),
(450, 'Andrew', 'Brown', 'M', 1957, 99035132459, 'andrbrown1957@examplemail.lol'),
(451, 'Emma', 'Silva', 'F', 1994, 71319658067, 'emmasilva94@examplemail.lol'),
(452, 'Helen', 'Schmidt', 'F', 1997, 53648235821, 'hsc@examplemail.lol'),
(453, 'Ttyana', 'Williams', 'F', 1951, 62735988296, 'twi@examplemail.lol'),
(454, 'Cristiano', 'Schmidt', 'M', 1946, 57507401698, 'crischm1946@examplemail.lol'),
(455, 'Vladislav', 'Lavigne', 'M', 1996, 62219099768, 'vladlavig1996@examplemail.lol'),
(456, 'Emma', 'Zurabov', 'F', 1950, 90330818802, 'emmzura50@examplemail.lol'),
(457, 'Julia', 'Motta', 'F', 1962, 35487011036, 'jumot@examplemail.lol'),
(458, 'Daniel', 'Castro', 'M', 1993, 40541739974, 'dancast@examplemail.lol'),
(459, 'Daniel', 'Abramov', 'M', 2003, 88555882847, 'dab@examplemail.lol'),
(460, 'David', 'Motta', 'M', 1972, 58094370182, 'davmott72@examplemail.lol'),
(461, 'William', 'Schmidt', 'M', 1955, 90250948552, 'willschmi@examplemail.lol'),
(462, 'Marianna', 'Castro', 'F', 1954, 67638743139, 'maricastr@examplemail.lol'),
(463, 'Diego', 'Lavigne', 'M', 1961, 76987119929, 'dielavi@examplemail.lol'),
(464, 'William', 'Castro', 'M', 1946, 83414941363, 'wca@examplemail.lol'),
(465, 'Vladislav', 'Müller', 'M', 2010, 65882753877, 'vmü10@examplemail.lol'),
(466, 'Sophia', 'Schmidt', 'F', 1992, 79850476463, 'sophschmi@examplemail.lol'),
(467, 'Martin', 'Castro', 'M', 1990, 93455199932, 'marcast90@examplemail.lol'),
(468, 'Maria', 'Zurabov', 'F', 1945, 36539983115, 'marzura@examplemail.lol'),
(469, 'Oliver', 'Pereira', 'M', 1979, 44399716635, 'ope1979@examplemail.lol'),
(470, 'Olivia', 'Oliveira', 'F', 2010, 32775279154, 'olioliv@examplemail.lol'),
(471, 'Andrew', 'Zurabov', 'M', 1950, 46717414151, 'anzur@examplemail.lol'),
(472, 'Vladislav', 'Castro', 'M', 1958, 33286207191, 'vlcas@examplemail.lol'),
(473, 'Pedro', 'Santos', 'M', 1959, 82838832169, 'pedrsanto@examplemail.lol'),
(474, 'Vladislav', 'Smith', 'M', 1998, 83361815759, 'vlsmi1998@examplemail.lol'),
(475, 'Cristiano', 'Silva', 'M', 1970, 59079454058, 'crisilv1970@examplemail.lol'),
(476, 'Emma', 'Monet', 'F', 1960, 47356054118, 'emmamonet@examplemail.lol'),
(477, 'William', 'Blanchet', 'M', 1985, 72076892265, 'wbl85@examplemail.lol'),
(478, 'David', 'Müller', 'M', 2011, 32523042242, 'dmü@examplemail.lol'),
(479, 'Maria', 'Müller', 'F', 1966, 53908528483, 'marimülle@examplemail.lol'),
(480, 'Olivia', 'Blanchet', 'F', 1976, 40512350420, 'olbla76@examplemail.lol'),
(481, 'Jane', 'Santos', 'F', 1970, 33041200831, 'janesanto1970@examplemail.lol'),
(482, 'Jane', 'Abramov', 'F', 1943, 78149133744, 'janabra@examplemail.lol'),
(483, 'Barbara', 'Monet', 'F', 2002, 39670744278, 'bmo2002@examplemail.lol'),
(484, 'Andrew', 'Schneider', 'M', 1990, 67017715149, 'ansch1990@examplemail.lol'),
(485, 'David', 'Zurabov', 'M', 2012, 33807309832, 'dazur@examplemail.lol'),
(486, 'Barbara', 'Abramov', 'F', 1954, 94040874649, 'barbabram54@examplemail.lol'),
(487, 'Robert', 'Abramov', 'M', 2013, 32172928445, 'robeabram2013@examplemail.lol'),
(488, 'Vladislav', 'Oliveira', 'M', 2010, 45077939947, 'vol2010@examplemail.lol'),
(489, 'Charlotte', 'Pereira', 'F', 1965, 75894736109, 'cpe@examplemail.lol'),
(490, 'Ttyana', 'Santos', 'F', 1992, 69533286978, 'tsa1992@examplemail.lol'),
(491, 'Cristiano', 'Oliveira', 'M', 1958, 45111259047, 'col1958@examplemail.lol'),
(492, 'Diego', 'Brown', 'M', 1997, 37760963997, 'diebrow1997@examplemail.lol'),
(493, 'Daniel', 'Schneider', 'M', 1978, 86866930306, 'dasch@examplemail.lol'),
(494, 'Patricia', 'Lavigne', 'F', 1941, 33724847116, 'patrlavig@examplemail.lol'),
(495, 'Barbara', 'Silva', 'F', 2001, 31446850628, 'barsilv@examplemail.lol'),
(496, 'Emma', 'Castro', 'F', 1956, 95327396610, 'emcas@examplemail.lol'),
(497, 'James', 'Abramov', 'M', 1941, 51602235956, 'jaabr@examplemail.lol'),
(498, 'Anna', 'Müller', 'F', 1966, 57322967947, 'amü@examplemail.lol'),
(499, 'Oliver', 'Brown', 'M', 1982, 84942880057, 'olbro1982@examplemail.lol'),
(500, 'Babette', 'Williams', 'F', 1954, 89377694440, 'bwi1954@examplemail.lol'),
(501, 'Liam', 'Williams', 'M', 2008, 46829233383, 'liawill08@examplemail.lol'),
(502, 'Maria', 'Brown', 'F', 1960, 71202649170, 'mbr60@examplemail.lol'),
(503, 'Jack', 'Pereira', 'M', 1957, 93223051446, 'jackperei@examplemail.lol'),
(504, 'Anna', 'Castro', 'F', 1947, 37501763178, 'aca@examplemail.lol'),
(505, 'Pedro', 'Silva', 'M', 2004, 55199477537, 'pedsilv2004@examplemail.lol'),
(506, 'Emma', 'Pereira', 'F', 1983, 90107116350, 'emmaperei@examplemail.lol'),
(507, 'Oliver', 'Monet', 'M', 2011, 61525579782, 'olmon@examplemail.lol'),
(508, 'Jane', 'Castro', 'F', 1946, 43295954309, 'jca1946@examplemail.lol'),
(509, 'Robert', 'Blanchet', 'M', 1978, 85684888297, 'robeblanc78@examplemail.lol');

INSERT INTO `address` (`ID`, `COUNTRY_ID`, `CITY`, `STREET`, `BUILDING`, `APARTMENT`, `POSTCODE`, `CUSTOMER_ID`) VALUES
(1, 1, 'St.Petersburg', 'Lenin Street', 154, 142, '635342', 363),
(2, 8, 'Toronto', 'Saint Laurent Boulevard', 13, 261, 'M9Z 9Z9', 261),
(3, 7, 'Rome', 'Via del Corso', 132, 358, '98168', 441),
(4, 8, 'Ontario', 'Queen Street', 116, 838, 'K0C 9Z9', 29),
(5, 5, 'Paris', 'Rue des Barres', 95, 716, '57234', 24),
(6, 4, 'Frankfurt', 'Bernauer Straße', 19, 196, '56234', 18),
(7, 5, 'Marseille', 'Rue Chanoinesse', 94, 947, '32983', 363),
(8, 4, 'Frankfurt', 'Kurfürstendamm', 176, 249, '56234', 55),
(9, 1, 'Ekaterinburg', 'Svobody Street', 153, 255, '239032', 255),
(10, 2, 'New York', 'Martin Luther King Drive', 73, 725, '35004', 75),
(11, 6, 'Vigo', 'Paseo del Prado', 13, NULL, '33724', 412),
(12, 9, 'London', 'Baker Street', 83, NULL, 'E1 2BL', 443),
(13, 3, 'Porto', 'Rua Cor de Rosa', 199, 125, '432-516', 121),
(14, 1, 'Moscow', '1905 Street', 46, 444, '125130', 224),
(15, 8, 'London', 'Saint Laurent Boulevard', 65, 590, 'N6Z 9Z9', 205),
(16, 8, 'Toronto', 'Saint Laurent Boulevard', 169, 233, 'M9Z 9Z9', 234),
(17, 2, 'Boston', 'Ross Clark Circle', 192, 219, '37806', 51),
(18, 6, 'Barcelona', 'Paseo del Prado', 172, 516, '01004', 204),
(19, 7, 'Rome', "Campo de' Fiori", 52, 482, '98168', 378),
(20, 2, 'Boston', 'Martin Luther King Drive', 47, NULL, '37806', 463),
(21, 5, 'Lyon', 'Rue des Barres', 14, 845, '93274', 242),
(22, 9, 'Oxford', 'Abbey Road', 16, 545, 'W1G 8RH', 333),
(23, 9, 'London', 'Baker Street', 178, 417, 'E1 2BL', 327),
(24, 9, 'London', 'Oxford Street', 67, 473, 'E1 2BL', 131),
(25, 3, 'Braga', 'Rua da Bica', 63, 276, '421-361', 219),
(26, 3, 'Braga', 'Rua Augusta', 106, NULL, '421-361', 245),
(27, 4, 'Berlin', 'Bernauer Straße', 177, 252, '76234', 118),
(28, 6, 'Barcelona', 'Calle Huertas', 130, 851, '01004', 171),
(29, 6, 'Vigo', 'Calle Mayor', 172, 707, '33724', 375),
(30, 8, 'London', 'Saint Laurent Boulevard', 77, 330, 'N6Z 9Z9', 128),
(31, 6, 'Madrid', 'Calle Mayor', 70, 703, '06923', 392),
(32, 7, 'Rome', 'Via Margutta', 103, NULL, '98168', 207),
(33, 9, 'London', 'Baker Street', 63, 164, 'E1 2BL', 322),
(34, 1, 'St.Petersburg', '1905 Street', 118, 638, '635342', 215),
(35, 9, 'London', 'Oxford Street', 189, 606, 'E1 2BL', 295),
(36, 1, 'Ekaterinburg', 'Svobody Street', 177, 200, '239032', 60),
(37, 2, 'Chicago', 'Wall Street', 181, NULL, '56004', 459),
(38, 5, 'Lyon', 'Rue Cremieux', 162, NULL, '93274', 91),
(39, 6, 'Vigo', 'Paseo del Prado', 107, 313, '33724', 54),
(40, 2, 'Boston', 'Ross Clark Circle', 158, NULL, '37806', 407),
(41, 4, 'Berlin', 'Kurfürstendamm', 164, 935, '76234', 176),
(42, 9, 'Oxford', 'Oxford Street', 78, 776, 'W1G 8RH', 5),
(43, 2, 'San Francisco', 'Ross Clark Circle', 62, 538, '14824', 159),
(44, 2, 'Boston', 'Martin Luther King Drive', 19, NULL, '37806', 482),
(45, 5, 'Marseille', 'Rue des Rosiers', 195, 679, '32983', 254),
(46, 5, 'Marseille', 'Rue Chanoinesse', 139, NULL, '32983', 312),
(47, 1, 'St.Petersburg', 'Mira Avenue', 175, 454, '635342', 26),
(48, 6, 'Barcelona', 'Calle Mayor', 140, 464, '01004', 36),
(49, 9, 'London', 'Baker Street', 34, 323, 'E1 2BL', 7),
(50, 8, 'London', 'Queen Street', 59, 495, 'N6Z 9Z9', 36),
(51, 9, 'London', 'Baker Street', 84, 674, 'E1 2BL', 101),
(52, 4, 'Berlin', 'Bernauer Straße', 193, 539, '76234', 193),
(53, 6, 'Madrid', 'Calle de Preciados', 108, NULL, '06923', 436),
(54, 4, 'Berlin', 'Bernauer Straße', 161, NULL, '76234', 275),
(55, 8, 'London', 'Queen Street', 2, NULL, 'N6Z 9Z9', 100),
(56, 6, 'Madrid', 'Calle de Preciados', 115, 645, '06923', 440),
(57, 7, 'Rome', 'Via del Corso', 46, 404, '98168', 45),
(58, 4, 'Berlin', 'Kurfürstendamm', 69, 983, '76234', 269),
(59, 8, 'London', 'Saint Laurent Boulevard', 169, 6, 'N6Z 9Z9', 348),
(60, 8, 'London', 'Queen Street', 187, 561, 'N6Z 9Z9', 212),
(61, 7, 'Rome', "Campo de' Fiori", 42, NULL, '98168', 122),
(62, 4, 'Munich', 'Ebertstraße', 71, 609, '27391', 319),
(63, 1, 'St.Petersburg', 'Lenin Street', 150, 626, '635342', 325),
(64, 5, 'Lyon', 'Rue des Barres', 168, NULL, '93274', 347),
(65, 4, 'Frankfurt', 'Chausseestraße', 130, 504, '56234', 406),
(66, 5, 'Paris', 'Rue des Barres', 91, 146, '57234', 266),
(67, 9, 'Oxford', 'Abbey Road', 56, 465, 'W1G 8RH', 144),
(68, 9, 'London', 'Abbey Road', 130, 757, 'E1 2BL', 465),
(69, 3, 'Lisbon', 'Avenida da Liberdade', 181, NULL, '145-616', 29),
(70, 2, 'Boston', 'Ross Clark Circle', 89, NULL, '37806', 449),
(71, 6, 'Madrid', 'Paseo del Prado', 175, 851, '06923', 448),
(72, 1, 'St.Petersburg', '1905 Street', 144, 831, '635342', 167),
(73, 3, 'Porto', 'Rua Cor de Rosa', 94, 625, '432-516', 352),
(74, 9, 'Oxford', 'Baker Street', 40, 569, 'W1G 8RH', 187),
(75, 7, 'Rome', 'Via della Conciliazione', 179, 186, '98168', 291),
(76, 1, 'Ekaterinburg', 'Lenin Street', 157, 240, '239032', 299),
(77, 6, 'Vigo', 'Paseo del Prado', 73, NULL, '33724', 134),
(78, 5, 'Marseille', 'Rue des Rosiers', 72, 388, '32983', 129),
(79, 4, 'Frankfurt', 'Ebertstraße', 35, NULL, '56234', 365),
(80, 9, 'Oxford', 'Oxford Street', 22, 798, 'W1G 8RH', 155),
(81, 4, 'Munich', 'Bernauer Straße', 30, 911, '27391', 92),
(82, 4, 'Hamburg', 'Kurfürstendamm', 83, 966, '25138', 194),
(83, 1, 'St.Petersburg', 'Lenin Street', 18, 508, '635342', 427),
(84, 5, 'Marseille', 'Rue des Barres', 167, 863, '32983', 50),
(85, 3, 'Porto', 'Rua Augusta', 191, 59, '432-516', 125),
(86, 6, 'Vigo', 'Paseo del Prado', 31, NULL, '33724', 75),
(87, 5, 'Marseille', 'Rue des Rosiers', 67, 619, '32983', 133),
(88, 8, 'Ontario', 'Saint Laurent Boulevard', 141, 43, 'K0C 9Z9', 93),
(89, 5, 'Marseille', 'Rue Chanoinesse', 46, NULL, '32983', 474),
(90, 1, 'St.Petersburg', 'Mira Avenue', 84, 604, '635342', 150),
(91, 7, 'Rome', "Campo de' Fiori", 111, NULL, '98168', 446),
(92, 7, 'Rome', 'Via Margutta', 73, 824, '98168', 306),
(93, 6, 'Vigo', 'Calle Mayor', 119, 967, '33724', 492),
(94, 3, 'Porto', 'Rua da Bica', 119, 133, '432-516', 222),
(95, 6, 'Vigo', 'Calle Huertas', 50, 665, '33724', 466),
(96, 8, 'Toronto', 'Saint Laurent Boulevard', 77, NULL, 'M9Z 9Z9', 499),
(97, 2, 'Boston', 'Wall Street', 78, 222, '37806', 9),
(98, 4, 'Munich', 'Chausseestraße', 185, 172, '27391', 337),
(99, 6, 'Barcelona', 'Calle Mayor', 183, 405, '01004', 433),
(100, 4, 'Munich', 'Kurfürstendamm', 7, 868, '27391', 103),
(101, 3, 'Braga', 'Rua Cor de Rosa', 139, 20, '421-361', 270),
(102, 5, 'Lyon', 'Rue Cremieux', 70, 554, '93274', 203),
(103, 1, 'Ekaterinburg', 'Svobody Street', 176, NULL, '239032', 422),
(104, 5, 'Marseille', 'Rue Cremieux', 30, 563, '32983', 317),
(105, 8, 'London', 'Queen Street', 127, 554, 'N6Z 9Z9', 114),
(106, 4, 'Frankfurt', 'Kurfürstendamm', 11, 417, '56234', 35),
(107, 1, 'Ekaterinburg', 'Svobody Street', 114, 289, '239032', 31),
(108, 8, 'London', 'Saint Laurent Boulevard', 173, 439, 'N6Z 9Z9', 304),
(109, 9, 'Oxford', 'Abbey Road', 78, 185, 'W1G 8RH', 6),
(110, 7, 'Rome', 'Via Margutta', 53, NULL, '98168', 305),
(111, 2, 'San Francisco', 'Wall Street', 185, 150, '14824', 167),
(112, 8, 'Toronto', 'Saint Laurent Boulevard', 11, 197, 'M9Z 9Z9', 53),
(113, 6, 'Barcelona', 'Paseo del Prado', 156, 831, '01004', 40),
(114, 5, 'Marseille', 'Rue des Rosiers', 9, NULL, '32983', 217),
(115, 1, 'Ekaterinburg', 'Lenin Street', 83, 97, '239032', 28),
(116, 7, 'Rome', 'Via Margutta', 118, 246, '98168', 99),
(117, 8, 'Ontario', 'South Granville Street', 18, 821, 'K0C 9Z9', 380),
(118, 2, 'Chicago', 'Wall Street', 181, 201, '56004', 143),
(119, 5, 'Marseille', 'Rue des Rosiers', 184, 87, '32983', 305),
(120, 1, 'Moscow', '1905 Street', 191, 876, '125130', 458),
(121, 1, 'Ekaterinburg', '1905 Street', 97, 229, '239032', 233),
(122, 1, 'St.Petersburg', 'Svobody Street', 67, 981, '635342', 153),
(123, 6, 'Vigo', 'Calle Mayor', 189, 528, '33724', 489),
(124, 1, 'Moscow', 'Svobody Street', 114, NULL, '125130', 166),
(125, 3, 'Porto', 'Avenida da Liberdade', 110, NULL, '432-516', 301),
(126, 1, 'St.Petersburg', 'Svobody Street', 67, 126, '635342', 433),
(127, 4, 'Berlin', 'Kurfürstendamm', 121, 583, '76234', 187),
(128, 4, 'Munich', 'Bernauer Straße', 167, NULL, '27391', 395),
(129, 9, 'Oxford', 'Baker Street', 22, 244, 'W1G 8RH', 21),
(130, 1, 'Ekaterinburg', '1905 Street', 17, 690, '239032', 252),
(131, 8, 'London', 'South Granville Street', 116, NULL, 'N6Z 9Z9', 336),
(132, 4, 'Frankfurt', 'Kurfürstendamm', 170, NULL, '56234', 190),
(133, 3, 'Porto', 'Avenida da Liberdade', 57, 950, '432-516', 149),
(134, 7, 'Rome', 'Via della Conciliazione', 177, 228, '98168', 267),
(135, 7, 'Rome', 'Via della Conciliazione', 107, 404, '98168', 275),
(136, 8, 'Toronto', 'South Granville Street', 174, 242, 'M9Z 9Z9', 418),
(137, 2, 'New York', 'Washington Street', 35, NULL, '35004', 285),
(138, 9, 'Oxford', 'Abbey Road', 4, 680, 'W1G 8RH', 22),
(139, 7, 'Rome', "Campo de' Fiori", 160, NULL, '98168', 416),
(140, 3, 'Lisbon', 'Rua Cor de Rosa', 36, 680, '145-616', 379),
(141, 8, 'London', 'Saint Laurent Boulevard', 16, 156, 'N6Z 9Z9', 82),
(142, 5, 'Paris', 'Rue Cremieux', 124, 867, '57234', 139),
(143, 4, 'Hamburg', 'Bernauer Straße', 198, 672, '25138', 323),
(144, 9, 'Oxford', 'Baker Street', 118, 390, 'W1G 8RH', 313),
(145, 1, 'Moscow', '1905 Street', 193, 703, '125130', 12),
(146, 6, 'Vigo', 'Paseo del Prado', 92, 801, '33724', 231),
(147, 1, 'St.Petersburg', 'Mira Avenue', 76, 12, '635342', 13),
(148, 4, 'Munich', 'Chausseestraße', 90, 642, '27391', 152),
(149, 2, 'Chicago', 'Martin Luther King Drive', 47, NULL, '56004', 113),
(150, 7, 'Rome', 'Via della Conciliazione', 136, NULL, '98168', 398),
(151, 4, 'Frankfurt', 'Kurfürstendamm', 93, NULL, '56234', 146),
(152, 1, 'Moscow', '1905 Street', 55, NULL, '125130', 42),
(153, 6, 'Vigo', 'Calle de Preciados', 125, 444, '33724', 488),
(154, 7, 'Rome', 'Via della Conciliazione', 55, 351, '98168', 161),
(155, 7, 'Rome', 'Via della Conciliazione', 85, 637, '98168', 236),
(156, 4, 'Berlin', 'Ebertstraße', 101, 187, '76234', 236),
(157, 4, 'Hamburg', 'Bernauer Straße', 98, NULL, '25138', 488),
(158, 3, 'Lisbon', 'Rua Cor de Rosa', 40, 825, '145-616', 408),
(159, 5, 'Marseille', 'Rue Cremieux', 26, 547, '32983', 300),
(160, 6, 'Barcelona', 'Paseo del Prado', 7, 678, '01004', 249),
(161, 7, 'Rome', 'Via della Conciliazione', 117, 202, '98168', 374),
(162, 7, 'Rome', "Campo de' Fiori", 72, 427, '98168', 500),
(163, 4, 'Munich', 'Bernauer Straße', 68, NULL, '27391', 239),
(164, 6, 'Barcelona', 'Calle Huertas', 134, NULL, '01004', 40),
(165, 3, 'Porto', 'Rua da Bica', 148, 478, '432-516', 227),
(166, 7, 'Rome', 'Via del Corso', 123, NULL, '98168', 383),
(167, 2, 'Chicago', 'Ross Clark Circle', 106, 244, '56004', 495),
(168, 2, 'Boston', 'Washington Street', 38, 808, '37806', 357),
(169, 3, 'Braga', 'Rua Augusta', 49, 458, '421-361', 44),
(170, 7, 'Rome', "Campo de' Fiori", 75, 576, '98168', 501),
(171, 8, 'London', 'South Granville Street', 35, 277, 'N6Z 9Z9', 164),
(172, 2, 'Chicago', 'Wall Street', 58, NULL, '56004', 283),
(173, 7, 'Rome', 'Via del Corso', 96, 918, '98168', 216),
(174, 5, 'Marseille', 'Rue des Barres', 31, 479, '32983', 179),
(175, 7, 'Rome', 'Via della Conciliazione', 48, NULL, '98168', 233),
(176, 2, 'Chicago', 'Martin Luther King Drive', 23, 78, '56004', 200),
(177, 6, 'Madrid', 'Paseo del Prado', 100, 617, '06923', 299),
(178, 9, 'London', 'Abbey Road', 74, 228, 'E1 2BL', 132),
(179, 8, 'Ontario', 'Saint Laurent Boulevard', 29, 210, 'K0C 9Z9', 300),
(180, 8, 'Ontario', 'Saint Laurent Boulevard', 25, 815, 'K0C 9Z9', 263),
(181, 1, 'Ekaterinburg', 'Svobody Street', 117, 768, '239032', 33),
(182, 2, 'New York', 'Ross Clark Circle', 128, NULL, '35004', 437),
(183, 9, 'Oxford', 'Baker Street', 55, 581, 'W1G 8RH', 214),
(184, 9, 'London', 'Abbey Road', 196, NULL, 'E1 2BL', 329),
(185, 8, 'Toronto', 'South Granville Street', 45, 173, 'M9Z 9Z9', 329),
(186, 1, 'St.Petersburg', '1905 Street', 60, 404, '635342', 499),
(187, 5, 'Paris', 'Rue des Barres', 61, NULL, '57234', 181),
(188, 3, 'Porto', 'Rua Cor de Rosa', 93, NULL, '432-516', 226),
(189, 6, 'Vigo', 'Calle de Preciados', 171, 63, '33724', 148),
(190, 3, 'Braga', 'Rua da Bica', 106, 816, '421-361', 160),
(191, 9, 'London', 'Abbey Road', 9, 152, 'E1 2BL', 141),
(192, 7, 'Rome', 'Via del Corso', 164, 862, '98168', 125),
(193, 2, 'San Francisco', 'Martin Luther King Drive', 178, 680, '14824', 244),
(194, 8, 'Ontario', 'Queen Street', 34, 759, 'K0C 9Z9', 63),
(195, 7, 'Rome', 'Via del Corso', 135, NULL, '98168', 106),
(196, 3, 'Porto', 'Rua da Bica', 93, 63, '432-516', 240),
(197, 9, 'Oxford', 'Abbey Road', 134, 112, 'W1G 8RH', 16),
(198, 1, 'St.Petersburg', '1905 Street', 186, NULL, '635342', 451),
(199, 5, 'Lyon', 'Rue Cremieux', 127, 239, '93274', 478),
(200, 1, 'St.Petersburg', 'Lenin Street', 73, NULL, '635342', 151),
(201, 8, 'Ontario', 'South Granville Street', 180, NULL, 'K0C 9Z9', 49),
(202, 4, 'Hamburg', 'Bernauer Straße', 71, 783, '25138', 439),
(203, 7, 'Rome', 'Via Margutta', 28, 886, '98168', 419),
(204, 3, 'Lisbon', 'Avenida da Liberdade', 69, 133, '145-616', 219),
(205, 8, 'Toronto', 'South Granville Street', 155, 25, 'M9Z 9Z9', 383),
(206, 3, 'Lisbon', 'Rua Cor de Rosa', 111, 102, '145-616', 324),
(207, 6, 'Vigo', 'Calle Mayor', 172, 332, '33724', 41),
(208, 9, 'Oxford', 'Abbey Road', 86, 442, 'W1G 8RH', 30),
(209, 7, 'Rome', "Campo de' Fiori", 18, 864, '98168', 475),
(210, 9, 'London', 'Abbey Road', 138, 382, 'E1 2BL', 371),
(211, 8, 'Ontario', 'Saint Laurent Boulevard', 41, 915, 'K0C 9Z9', 498),
(212, 5, 'Paris', 'Rue des Barres', 48, 828, '57234', 355),
(213, 3, 'Braga', 'Avenida da Liberdade', 30, 640, '421-361', 188),
(214, 2, 'New York', 'Ross Clark Circle', 18, 73, '35004', 498),
(215, 5, 'Marseille', 'Rue Cremieux', 87, NULL, '32983', 102),
(216, 4, 'Frankfurt', 'Bernauer Straße', 22, 37, '56234', 480),
(217, 3, 'Braga', 'Rua Augusta', 198, 274, '421-361', 389),
(218, 1, 'Moscow', '1905 Street', 13, 689, '125130', 130),
(219, 8, 'London', 'Saint Laurent Boulevard', 15, NULL, 'N6Z 9Z9', 23),
(220, 8, 'Ontario', 'Saint Laurent Boulevard', 102, 474, 'K0C 9Z9', 28),
(221, 8, 'London', 'Saint Laurent Boulevard', 59, 131, 'N6Z 9Z9', 346),
(222, 1, 'St.Petersburg', 'Lenin Street', 77, 223, '635342', 289),
(223, 8, 'Ontario', 'Saint Laurent Boulevard', 79, 60, 'K0C 9Z9', 394),
(224, 4, 'Hamburg', 'Ebertstraße', 16, 532, '25138', 77),
(225, 9, 'Oxford', 'Oxford Street', 53, 301, 'W1G 8RH', 163),
(226, 8, 'Toronto', 'Queen Street', 187, NULL, 'M9Z 9Z9', 484),
(227, 9, 'London', 'Oxford Street', 150, 558, 'E1 2BL', 443),
(228, 3, 'Porto', 'Rua Cor de Rosa', 110, 117, '432-516', 71),
(229, 8, 'Ontario', 'Saint Laurent Boulevard', 53, 411, 'K0C 9Z9', 15),
(230, 2, 'Chicago', 'Washington Street', 140, 159, '56004', 128),
(231, 8, 'Ontario', 'Queen Street', 114, 270, 'K0C 9Z9', 261),
(232, 4, 'Hamburg', 'Kurfürstendamm', 196, 261, '25138', 181),
(233, 9, 'London', 'Abbey Road', 27, 564, 'E1 2BL', 423),
(234, 5, 'Lyon', 'Rue Cremieux', 172, NULL, '93274', 445),
(235, 3, 'Porto', 'Rua Cor de Rosa', 162, 397, '432-516', 420),
(236, 7, 'Rome', 'Via del Corso', 58, 16, '98168', 309),
(237, 3, 'Lisbon', 'Rua Cor de Rosa', 184, 199, '145-616', 105),
(238, 2, 'San Francisco', 'Wall Street', 85, NULL, '14824', 479),
(239, 3, 'Lisbon', 'Avenida da Liberdade', 90, 866, '145-616', 293),
(240, 6, 'Vigo', 'Calle de Preciados', 97, 526, '33724', 194),
(241, 3, 'Porto', 'Rua da Bica', 67, 127, '432-516', 342),
(242, 5, 'Lyon', 'Rue des Rosiers', 185, 632, '93274', 359),
(243, 7, 'Rome', 'Via del Corso', 115, 673, '98168', 205),
(244, 9, 'London', 'Baker Street', 7, 107, 'E1 2BL', 27),
(245, 4, 'Munich', 'Kurfürstendamm', 90, 544, '27391', 4),
(246, 5, 'Marseille', 'Rue des Barres', 56, 75, '32983', 265),
(247, 5, 'Marseille', 'Rue Chanoinesse', 106, 951, '32983', 108),
(248, 4, 'Frankfurt', 'Bernauer Straße', 125, 350, '56234', 493),
(249, 8, 'Toronto', 'South Granville Street', 138, 500, 'M9Z 9Z9', 302),
(250, 4, 'Munich', 'Chausseestraße', 146, NULL, '27391', 140),
(251, 9, 'Oxford', 'Baker Street', 167, 921, 'W1G 8RH', 87),
(252, 7, 'Rome', 'Via del Corso', 199, 843, '98168', 298),
(253, 5, 'Lyon', 'Rue Cremieux', 123, NULL, '93274', 225),
(254, 7, 'Rome', 'Via del Corso', 117, 91, '98168', 60),
(255, 6, 'Barcelona', 'Calle de Preciados', 61, 892, '01004', 83),
(256, 7, 'Rome', 'Via della Conciliazione', 58, 862, '98168', 48),
(257, 9, 'London', 'Abbey Road', 62, 863, 'E1 2BL', 453),
(258, 6, 'Madrid', 'Paseo del Prado', 147, 39, '06923', 114),
(259, 8, 'Ontario', 'Queen Street', 21, 699, 'K0C 9Z9', 404),
(260, 5, 'Lyon', 'Rue des Rosiers', 113, 30, '93274', 455),
(261, 7, 'Rome', 'Via della Conciliazione', 171, 286, '98168', 117),
(262, 6, 'Vigo', 'Calle Mayor', 73, 395, '33724', 47),
(263, 2, 'Boston', 'Wall Street', 44, NULL, '37806', 108),
(264, 7, 'Rome', 'Via del Corso', 161, 62, '98168', 264),
(265, 3, 'Porto', 'Rua Augusta', 191, 589, '432-516', 397),
(266, 1, 'Ekaterinburg', 'Lenin Street', 81, NULL, '239032', 154),
(267, 4, 'Berlin', 'Chausseestraße', 195, 654, '76234', 119),
(268, 9, 'Oxford', 'Oxford Street', 68, 871, 'W1G 8RH', 220),
(269, 7, 'Rome', 'Via della Conciliazione', 52, 918, '98168', 371),
(270, 7, 'Rome', 'Via Margutta', 26, NULL, '98168', 468),
(271, 4, 'Frankfurt', 'Ebertstraße', 185, 317, '56234', 490),
(272, 6, 'Madrid', 'Calle Huertas', 116, 978, '06923', 170),
(273, 7, 'Rome', "Campo de' Fiori", 178, 518, '98168', 37),
(274, 4, 'Frankfurt', 'Chausseestraße', 79, NULL, '56234', 53),
(275, 7, 'Rome', 'Via Margutta', 184, 76, '98168', 56),
(276, 4, 'Munich', 'Kurfürstendamm', 81, 455, '27391', 370),
(277, 4, 'Hamburg', 'Bernauer Straße', 89, 17, '25138', 124),
(278, 6, 'Vigo', 'Calle Huertas', 74, 58, '33724', 400),
(279, 5, 'Lyon', 'Rue des Barres', 98, 599, '93274', 110),
(280, 2, 'Boston', 'Ross Clark Circle', 65, 880, '37806', 61),
(281, 6, 'Vigo', 'Calle Mayor', 14, 384, '33724', 111),
(282, 8, 'Toronto', 'South Granville Street', 162, 613, 'M9Z 9Z9', 169),
(283, 1, 'St.Petersburg', 'Lenin Street', 193, 716, '635342', 90),
(284, 7, 'Rome', 'Via Margutta', 80, 158, '98168', 437),
(285, 5, 'Paris', 'Rue Cremieux', 40, NULL, '57234', 456),
(286, 1, 'St.Petersburg', 'Mira Avenue', 63, 378, '635342', 315),
(287, 6, 'Barcelona', 'Paseo del Prado', 169, NULL, '01004', 504),
(288, 3, 'Lisbon', 'Rua Augusta', 55, NULL, '145-616', 123),
(289, 9, 'London', 'Baker Street', 16, 404, 'E1 2BL', 96),
(290, 1, 'Moscow', 'Mira Avenue', 58, NULL, '125130', 118),
(291, 1, 'Moscow', 'Svobody Street', 133, 957, '125130', 238),
(292, 5, 'Lyon', 'Rue des Barres', 33, NULL, '93274', 191),
(293, 6, 'Vigo', 'Calle Mayor', 140, NULL, '33724', 411),
(294, 4, 'Frankfurt', 'Bernauer Straße', 34, 187, '56234', 290),
(295, 5, 'Lyon', 'Rue des Rosiers', 124, NULL, '93274', 276),
(296, 5, 'Lyon', 'Rue des Barres', 88, 196, '93274', 14),
(297, 5, 'Marseille', 'Rue Chanoinesse', 154, 416, '32983', 486),
(298, 5, 'Paris', 'Rue des Barres', 62, 148, '57234', 229),
(299, 5, 'Lyon', 'Rue des Rosiers', 77, 345, '93274', 69),
(300, 2, 'San Francisco', 'Wall Street', 180, 179, '14824', 325),
(301, 4, 'Hamburg', 'Kurfürstendamm', 18, 470, '25138', 78),
(302, 4, 'Munich', 'Ebertstraße', 39, 626, '27391', 5),
(303, 5, 'Marseille', 'Rue Cremieux', 3, 926, '32983', 355),
(304, 1, 'Ekaterinburg', '1905 Street', 114, 252, '239032', 351),
(305, 4, 'Hamburg', 'Ebertstraße', 82, 125, '25138', 86),
(306, 9, 'London', 'Abbey Road', 17, 180, 'E1 2BL', 10),
(307, 4, 'Hamburg', 'Ebertstraße', 195, 690, '25138', 168),
(308, 7, 'Rome', 'Via Margutta', 133, 924, '98168', 503),
(309, 3, 'Porto', 'Rua Cor de Rosa', 133, 381, '432-516', 309),
(310, 6, 'Barcelona', 'Paseo del Prado', 4, 654, '01004', 508),
(311, 2, 'Chicago', 'Wall Street', 171, 87, '56004', 272),
(312, 8, 'London', 'Saint Laurent Boulevard', 173, 892, 'N6Z 9Z9', 273),
(313, 3, 'Lisbon', 'Avenida da Liberdade', 173, NULL, '145-616', 215),
(314, 6, 'Vigo', 'Calle de Preciados', 130, 765, '33724', 461),
(315, 5, 'Marseille', 'Rue des Rosiers', 95, 917, '32983', 369),
(316, 4, 'Berlin', 'Kurfürstendamm', 170, 512, '76234', 304),
(317, 8, 'Toronto', 'Queen Street', 73, 412, 'M9Z 9Z9', 27),
(318, 3, 'Porto', 'Rua Cor de Rosa', 33, 441, '432-516', 115),
(319, 7, 'Rome', 'Via Margutta', 70, NULL, '98168', 338),
(320, 6, 'Vigo', 'Calle Huertas', 157, 76, '33724', 246),
(321, 5, 'Marseille', 'Rue des Rosiers', 90, 200, '32983', 339),
(322, 5, 'Marseille', 'Rue Cremieux', 6, 666, '32983', 393),
(323, 1, 'St.Petersburg', '1905 Street', 57, 462, '635342', 92),
(324, 7, 'Rome', 'Via del Corso', 36, 49, '98168', 147),
(325, 7, 'Rome', 'Via del Corso', 41, 557, '98168', 229),
(326, 1, 'St.Petersburg', '1905 Street', 120, 383, '635342', 246),
(327, 7, 'Rome', 'Via della Conciliazione', 118, 550, '98168', 137),
(328, 8, 'London', 'Queen Street', 125, 318, 'N6Z 9Z9', 266),
(329, 4, 'Hamburg', 'Chausseestraße', 94, 594, '25138', 230),
(330, 8, 'Ontario', 'South Granville Street', 126, 60, 'K0C 9Z9', 470),
(331, 7, 'Rome', 'Via della Conciliazione', 155, 971, '98168', 11),
(332, 9, 'London', 'Baker Street', 193, 466, 'E1 2BL', 482),
(333, 3, 'Porto', 'Rua Augusta', 44, 465, '432-516', 294),
(334, 9, 'London', 'Abbey Road', 175, 632, 'E1 2BL', 135),
(335, 8, 'Toronto', 'Saint Laurent Boulevard', 90, 243, 'M9Z 9Z9', 278),
(336, 9, 'London', 'Oxford Street', 16, 592, 'E1 2BL', 259),
(337, 9, 'London', 'Abbey Road', 107, 412, 'E1 2BL', 189),
(338, 1, 'St.Petersburg', '1905 Street', 114, 919, '635342', 451),
(339, 3, 'Porto', 'Rua Cor de Rosa', 104, 444, '432-516', 471),
(340, 7, 'Rome', 'Via della Conciliazione', 95, 760, '98168', 478),
(341, 3, 'Braga', 'Rua Augusta', 175, 774, '421-361', 247),
(342, 4, 'Munich', 'Bernauer Straße', 43, 546, '27391', 404),
(343, 5, 'Marseille', 'Rue Chanoinesse', 41, 169, '32983', 242),
(344, 7, 'Rome', "Campo de' Fiori", 130, 957, '98168', 376),
(345, 2, 'Boston', 'Ross Clark Circle', 112, 735, '37806', 353),
(346, 2, 'Chicago', 'Ross Clark Circle', 36, 883, '56004', 330),
(347, 7, 'Rome', "Campo de' Fiori", 42, NULL, '98168', 165),
(348, 9, 'Oxford', 'Oxford Street', 124, NULL, 'W1G 8RH', 158),
(349, 3, 'Porto', 'Avenida da Liberdade', 58, 295, '432-516', 25),
(350, 4, 'Frankfurt', 'Kurfürstendamm', 75, 453, '56234', 442),
(351, 9, 'Oxford', 'Baker Street', 13, 127, 'W1G 8RH', 209),
(352, 5, 'Lyon', 'Rue des Barres', 179, 417, '93274', 405),
(353, 9, 'London', 'Abbey Road', 40, 955, 'E1 2BL', 131),
(354, 7, 'Rome', 'Via Margutta', 160, 524, '98168', 441),
(355, 1, 'Moscow', 'Svobody Street', 19, 363, '125130', 464),
(356, 7, 'Rome', "Campo de' Fiori", 139, 876, '98168', 235),
(357, 2, 'Chicago', 'Ross Clark Circle', 87, 766, '56004', 247),
(358, 2, 'Chicago', 'Washington Street', 193, 455, '56004', 58),
(359, 5, 'Marseille', 'Rue Chanoinesse', 154, NULL, '32983', 63),
(360, 5, 'Marseille', 'Rue Chanoinesse', 62, NULL, '32983', 85),
(361, 1, 'Ekaterinburg', '1905 Street', 198, 443, '239032', 377),
(362, 7, 'Rome', "Campo de' Fiori", 150, 87, '98168', 368),
(363, 3, 'Braga', 'Rua Cor de Rosa', 13, 209, '421-361', 292),
(364, 7, 'Rome', 'Via della Conciliazione', 166, 681, '98168', 395),
(365, 2, 'San Francisco', 'Wall Street', 166, NULL, '14824', 354),
(366, 7, 'Rome', 'Via del Corso', 37, NULL, '98168', 287),
(367, 1, 'Ekaterinburg', 'Mira Avenue', 133, 436, '239032', 506),
(368, 5, 'Marseille', 'Rue Chanoinesse', 25, 231, '32983', 31),
(369, 4, 'Frankfurt', 'Bernauer Straße', 145, 212, '56234', 485),
(370, 3, 'Porto', 'Rua da Bica', 113, 69, '432-516', 38),
(371, 7, 'Rome', 'Via del Corso', 52, NULL, '98168', 112),
(372, 6, 'Vigo', 'Calle Mayor', 9, 934, '33724', 460),
(373, 8, 'Toronto', 'Queen Street', 146, 432, 'M9Z 9Z9', 282),
(374, 8, 'London', 'Saint Laurent Boulevard', 38, 537, 'N6Z 9Z9', 332),
(375, 9, 'London', 'Abbey Road', 103, NULL, 'E1 2BL', 1),
(376, 2, 'Chicago', 'Martin Luther King Drive', 24, 958, '56004', 361),
(377, 1, 'Moscow', 'Lenin Street', 114, 132, '125130', 199),
(378, 6, 'Vigo', 'Calle de Preciados', 158, 643, '33724', 255),
(379, 3, 'Lisbon', 'Rua Cor de Rosa', 157, 466, '145-616', 230),
(380, 5, 'Marseille', 'Rue Chanoinesse', 36, 756, '32983', 311),
(381, 8, 'Ontario', 'South Granville Street', 166, 386, 'K0C 9Z9', 496),
(382, 3, 'Braga', 'Rua da Bica', 101, 61, '421-361', 175),
(383, 5, 'Lyon', 'Rue Cremieux', 180, NULL, '93274', 171),
(384, 8, 'London', 'South Granville Street', 50, 540, 'N6Z 9Z9', 202),
(385, 2, 'New York', 'Ross Clark Circle', 68, 177, '35004', 268),
(386, 9, 'London', 'Baker Street', 125, 88, 'E1 2BL', 381),
(387, 1, 'Ekaterinburg', 'Lenin Street', 15, 564, '239032', 391),
(388, 6, 'Vigo', 'Calle Mayor', 161, 725, '33724', 14),
(389, 1, 'Ekaterinburg', 'Mira Avenue', 136, 359, '239032', 457),
(390, 9, 'London', 'Oxford Street', 86, 596, 'E1 2BL', 276),
(391, 1, 'Ekaterinburg', '1905 Street', 134, 614, '239032', 101),
(392, 1, 'Moscow', 'Svobody Street', 1, 828, '125130', 174),
(393, 3, 'Lisbon', 'Rua Cor de Rosa', 185, 38, '145-616', 25),
(394, 4, 'Frankfurt', 'Chausseestraße', 79, 526, '56234', 156),
(395, 1, 'Moscow', 'Svobody Street', 86, 527, '125130', 318),
(396, 4, 'Frankfurt', 'Bernauer Straße', 119, 993, '56234', 436),
(397, 7, 'Rome', 'Via del Corso', 90, NULL, '98168', 178),
(398, 1, 'Ekaterinburg', 'Lenin Street', 43, 31, '239032', 3),
(399, 8, 'Toronto', 'Saint Laurent Boulevard', 113, 619, 'M9Z 9Z9', 405),
(400, 7, 'Rome', 'Via della Conciliazione', 126, 264, '98168', 89),
(401, 7, 'Rome', 'Via Margutta', 170, 720, '98168', 350),
(402, 4, 'Munich', 'Bernauer Straße', 174, 683, '27391', 81),
(403, 8, 'Toronto', 'South Granville Street', 76, 219, 'M9Z 9Z9', 98),
(404, 7, 'Rome', "Campo de' Fiori", 185, NULL, '98168', 440),
(405, 9, 'London', 'Baker Street', 137, 573, 'E1 2BL', 241),
(406, 6, 'Barcelona', 'Calle Mayor', 20, 40, '01004', 387),
(407, 2, 'Chicago', 'Wall Street', 79, 996, '56004', 425),
(408, 5, 'Paris', 'Rue des Barres', 93, 46, '57234', 217),
(409, 7, 'Rome', 'Via della Conciliazione', 56, 664, '98168', 184),
(410, 1, 'Moscow', 'Mira Avenue', 199, 449, '125130', 88),
(411, 3, 'Braga', 'Avenida da Liberdade', 63, 971, '421-361', 430),
(412, 1, 'Moscow', 'Lenin Street', 59, NULL, '125130', 136),
(413, 7, 'Rome', 'Via Margutta', 4, NULL, '98168', 350),
(414, 1, 'Ekaterinburg', 'Mira Avenue', 150, 638, '239032', 223),
(415, 9, 'Oxford', 'Baker Street', 110, 769, 'W1G 8RH', 414),
(416, 4, 'Hamburg', 'Chausseestraße', 199, 695, '25138', 103),
(417, 7, 'Rome', "Campo de' Fiori", 166, NULL, '98168', 250),
(418, 1, 'Ekaterinburg', 'Svobody Street', 175, NULL, '239032', 145),
(419, 9, 'London', 'Baker Street', 162, 977, 'E1 2BL', 461),
(420, 3, 'Lisbon', 'Rua Cor de Rosa', 85, 698, '145-616', 435),
(421, 9, 'Oxford', 'Baker Street', 178, 265, 'W1G 8RH', 307),
(422, 5, 'Lyon', 'Rue Cremieux', 151, 300, '93274', 238),
(423, 9, 'Oxford', 'Baker Street', 90, NULL, 'W1G 8RH', 429),
(424, 7, 'Rome', 'Via del Corso', 130, 979, '98168', 109),
(425, 9, 'Oxford', 'Baker Street', 105, 369, 'W1G 8RH', 318),
(426, 5, 'Paris', 'Rue Chanoinesse', 146, 592, '57234', 190),
(427, 4, 'Frankfurt', 'Chausseestraße', 138, 310, '56234', 104),
(428, 7, 'Rome', 'Via della Conciliazione', 179, 850, '98168', 274),
(429, 8, 'London', 'Saint Laurent Boulevard', 100, NULL, 'N6Z 9Z9', 424),
(430, 4, 'Frankfurt', 'Ebertstraße', 57, 795, '56234', 226),
(431, 3, 'Porto', 'Rua Cor de Rosa', 74, 501, '432-516', 170),
(432, 5, 'Paris', 'Rue Cremieux', 63, 705, '57234', 213),
(433, 6, 'Barcelona', 'Calle Mayor', 84, 285, '01004', 444),
(434, 3, 'Porto', 'Rua Cor de Rosa', 34, NULL, '432-516', 396),
(435, 2, 'Chicago', 'Ross Clark Circle', 21, 134, '56004', 277),
(436, 1, 'Ekaterinburg', 'Mira Avenue', 78, 942, '239032', 211),
(437, 6, 'Barcelona', 'Calle Huertas', 119, 984, '01004', 402),
(438, 2, 'New York', 'Washington Street', 4, NULL, '35004', 286),
(439, 5, 'Marseille', 'Rue Cremieux', 1, NULL, '32983', 260),
(440, 7, 'Rome', "Campo de' Fiori", 7, 636, '98168', 70),
(441, 7, 'Rome', 'Via della Conciliazione', 158, 619, '98168', 218),
(442, 4, 'Berlin', 'Ebertstraße', 108, 95, '76234', 259),
(443, 1, 'St.Petersburg', 'Mira Avenue', 9, 578, '635342', 159),
(444, 1, 'Ekaterinburg', 'Mira Avenue', 84, 482, '239032', 303),
(445, 1, 'Ekaterinburg', '1905 Street', 129, NULL, '239032', 279),
(446, 4, 'Munich', 'Ebertstraße', 115, 773, '27391', 353),
(447, 1, 'Ekaterinburg', 'Lenin Street', 192, 371, '239032', 447),
(448, 6, 'Vigo', 'Paseo del Prado', 8, 72, '33724', 386),
(449, 2, 'Boston', 'Wall Street', 26, NULL, '37806', 106),
(450, 2, 'Chicago', 'Wall Street', 77, 58, '56004', 345),
(451, 8, 'London', 'Queen Street', 44, 195, 'N6Z 9Z9', 127),
(452, 7, 'Rome', 'Via Margutta', 116, 794, '98168', 232),
(453, 6, 'Barcelona', 'Calle de Preciados', 159, 566, '01004', 126),
(454, 9, 'London', 'Baker Street', 64, NULL, 'E1 2BL', 494),
(455, 1, 'Ekaterinburg', '1905 Street', 143, 236, '239032', 66),
(456, 1, 'Moscow', '1905 Street', 7, NULL, '125130', 432),
(457, 9, 'London', 'Baker Street', 170, 934, 'E1 2BL', 315),
(458, 7, 'Rome', 'Via Margutta', 70, NULL, '98168', 142),
(459, 8, 'Ontario', 'Saint Laurent Boulevard', 24, 835, 'K0C 9Z9', 76),
(460, 2, 'Chicago', 'Wall Street', 197, NULL, '56004', 434),
(461, 4, 'Hamburg', 'Bernauer Straße', 126, 722, '25138', 97),
(462, 7, 'Rome', 'Via della Conciliazione', 58, 260, '98168', 176),
(463, 8, 'London', 'Queen Street', 88, NULL, 'N6Z 9Z9', 174),
(464, 1, 'Moscow', 'Mira Avenue', 52, 333, '125130', 507),
(465, 8, 'Toronto', 'South Granville Street', 4, 296, 'M9Z 9Z9', 183),
(466, 5, 'Lyon', 'Rue des Rosiers', 149, NULL, '93274', 248),
(467, 5, 'Paris', 'Rue des Barres', 174, NULL, '57234', 269),
(468, 8, 'Ontario', 'Queen Street', 125, 57, 'K0C 9Z9', 19),
(469, 2, 'New York', 'Martin Luther King Drive', 81, NULL, '35004', 505),
(470, 1, 'St.Petersburg', 'Lenin Street', 73, 334, '635342', 57),
(471, 3, 'Porto', 'Rua Cor de Rosa', 82, NULL, '432-516', 356),
(472, 4, 'Hamburg', 'Ebertstraße', 151, 952, '25138', 150),
(473, 1, 'St.Petersburg', '1905 Street', 72, NULL, '635342', 291),
(474, 4, 'Berlin', 'Kurfürstendamm', 93, 23, '76234', 372),
(475, 6, 'Madrid', 'Calle de Preciados', 2, NULL, '06923', 292),
(476, 6, 'Barcelona', 'Calle Huertas', 2, NULL, '01004', 177),
(477, 9, 'London', 'Oxford Street', 6, 671, 'E1 2BL', 221),
(478, 8, 'London', 'South Granville Street', 84, 50, 'N6Z 9Z9', 284),
(479, 6, 'Madrid', 'Calle Mayor', 3, 912, '06923', 321),
(480, 8, 'Ontario', 'Saint Laurent Boulevard', 79, 578, 'K0C 9Z9', 308),
(481, 6, 'Vigo', 'Calle Huertas', 10, 422, '33724', 297),
(482, 8, 'London', 'Queen Street', 80, 582, 'N6Z 9Z9', 426),
(483, 2, 'New York', 'Wall Street', 56, NULL, '35004', 39),
(484, 8, 'Toronto', 'South Granville Street', 57, 313, 'M9Z 9Z9', 502),
(485, 9, 'Oxford', 'Baker Street', 47, 809, 'W1G 8RH', 113),
(486, 9, 'London', 'Abbey Road', 75, 706, 'E1 2BL', 37),
(487, 9, 'London', 'Oxford Street', 75, 80, 'E1 2BL', 343),
(488, 6, 'Vigo', 'Calle Huertas', 138, NULL, '33724', 509),
(489, 2, 'San Francisco', 'Wall Street', 169, 909, '14824', 196),
(490, 8, 'Toronto', 'Queen Street', 85, 584, 'M9Z 9Z9', 489),
(491, 7, 'Rome', 'Via Margutta', 7, 668, '98168', 69),
(492, 1, 'St.Petersburg', 'Mira Avenue', 21, 499, '635342', 428),
(493, 3, 'Braga', 'Rua da Bica', 160, 730, '421-361', 256),
(494, 2, 'New York', 'Wall Street', 13, 380, '35004', 477),
(495, 8, 'London', 'South Granville Street', 165, 821, 'N6Z 9Z9', 249),
(496, 8, 'Toronto', 'South Granville Street', 152, 842, 'M9Z 9Z9', 95),
(497, 5, 'Paris', 'Rue Cremieux', 56, NULL, '57234', 399),
(498, 8, 'Ontario', 'Queen Street', 162, 551, 'K0C 9Z9', 314),
(499, 1, 'Moscow', 'Svobody Street', 7, NULL, '125130', 17),
(500, 4, 'Frankfurt', 'Kurfürstendamm', 172, 106, '56234', 466),
(501, 8, 'London', 'South Granville Street', 25, 158, 'N6Z 9Z9', 178),
(502, 4, 'Munich', 'Chausseestraße', 68, 232, '27391', 483),
(503, 8, 'Ontario', 'Saint Laurent Boulevard', 67, 747, 'K0C 9Z9', 198),
(504, 8, 'Toronto', 'South Granville Street', 10, 868, 'M9Z 9Z9', 162),
(505, 7, 'Rome', "Campo de' Fiori", 92, NULL, '98168', 393),
(506, 7, 'Rome', "Campo de' Fiori", 155, 182, '98168', 195),
(507, 1, 'Ekaterinburg', 'Mira Avenue', 42, 169, '239032', 473),
(508, 6, 'Madrid', 'Paseo del Prado', 92, 871, '06923', 186),
(509, 1, 'Moscow', '1905 Street', 3, NULL, '125130', 30),
(510, 1, 'Moscow', '1905 Street', 187, 954, '125130', 173),
(511, 3, 'Porto', 'Rua Augusta', 192, NULL, '432-516', 491),
(512, 6, 'Madrid', 'Paseo del Prado', 39, NULL, '06923', 326),
(513, 8, 'Ontario', 'Saint Laurent Boulevard', 37, 415, 'K0C 9Z9', 310),
(514, 4, 'Munich', 'Chausseestraße', 123, 562, '27391', 34),
(515, 6, 'Madrid', 'Paseo del Prado', 139, 439, '06923', 500),
(516, 6, 'Madrid', 'Paseo del Prado', 197, 518, '06923', 401),
(517, 1, 'St.Petersburg', '1905 Street', 23, 998, '635342', 262),
(518, 6, 'Barcelona', 'Calle Huertas', 142, 513, '01004', 79),
(519, 5, 'Marseille', 'Rue des Barres', 176, 157, '32983', 330),
(520, 3, 'Lisbon', 'Rua Augusta', 93, NULL, '145-616', 201),
(521, 3, 'Lisbon', 'Avenida da Liberdade', 120, 950, '145-616', 110),
(522, 7, 'Rome', 'Via del Corso', 119, NULL, '98168', 239),
(523, 7, 'Rome', 'Via del Corso', 23, 944, '98168', 457),
(524, 3, 'Lisbon', 'Rua Augusta', 175, NULL, '145-616', 107),
(525, 3, 'Lisbon', 'Rua da Bica', 74, 555, '145-616', 410),
(526, 3, 'Porto', 'Rua Cor de Rosa', 135, 121, '432-516', 192),
(527, 3, 'Lisbon', 'Rua Cor de Rosa', 2, 791, '145-616', 88),
(528, 9, 'Oxford', 'Oxford Street', 114, 958, 'W1G 8RH', 78),
(529, 9, 'London', 'Abbey Road', 43, 861, 'E1 2BL', 373),
(530, 5, 'Paris', 'Rue Cremieux', 70, 741, '57234', 185),
(531, 5, 'Marseille', 'Rue Cremieux', 134, 340, '32983', 206),
(532, 5, 'Lyon', 'Rue des Barres', 155, 675, '93274', 138),
(533, 7, 'Rome', 'Via Margutta', 47, 475, '98168', 469),
(534, 3, 'Porto', 'Rua da Bica', 67, 871, '432-516', 456),
(535, 7, 'Rome', 'Via del Corso', 171, NULL, '98168', 421),
(536, 5, 'Paris', 'Rue Chanoinesse', 52, 677, '57234', 51),
(537, 8, 'Toronto', 'Queen Street', 89, 608, 'M9Z 9Z9', 497),
(538, 8, 'Ontario', 'Queen Street', 153, NULL, 'K0C 9Z9', 133),
(539, 4, 'Berlin', 'Ebertstraße', 126, 471, '76234', 258),
(540, 8, 'Ontario', 'South Granville Street', 48, 366, 'K0C 9Z9', 477),
(541, 3, 'Lisbon', 'Rua Cor de Rosa', 46, 79, '145-616', 387),
(542, 8, 'Ontario', 'Queen Street', 1, 248, 'K0C 9Z9', 52),
(543, 3, 'Lisbon', 'Rua da Bica', 75, 572, '145-616', 418),
(544, 3, 'Braga', 'Rua Cor de Rosa', 179, 882, '421-361', 73),
(545, 3, 'Braga', 'Rua Cor de Rosa', 128, NULL, '421-361', 406),
(546, 6, 'Madrid', 'Paseo del Prado', 34, NULL, '06923', 80),
(547, 6, 'Madrid', 'Calle de Preciados', 1, 304, '06923', 200),
(548, 5, 'Marseille', 'Rue Chanoinesse', 149, NULL, '32983', 20),
(549, 7, 'Rome', "Campo de' Fiori", 33, 751, '98168', 324),
(550, 5, 'Lyon', 'Rue des Rosiers', 179, NULL, '93274', 417),
(551, 8, 'Toronto', 'Saint Laurent Boulevard', 67, 780, 'M9Z 9Z9', 94),
(552, 2, 'San Francisco', 'Ross Clark Circle', 175, NULL, '14824', 320),
(553, 3, 'Lisbon', 'Rua Cor de Rosa', 166, NULL, '145-616', 409),
(554, 7, 'Rome', 'Via Margutta', 53, 444, '98168', 454),
(555, 3, 'Braga', 'Rua Augusta', 156, 264, '421-361', 385),
(556, 8, 'London', 'South Granville Street', 9, NULL, 'N6Z 9Z9', 458),
(557, 7, 'Rome', "Campo de' Fiori", 187, 809, '98168', 420),
(558, 8, 'Ontario', 'Saint Laurent Boulevard', 49, 253, 'K0C 9Z9', 448),
(559, 1, 'St.Petersburg', '1905 Street', 23, 440, '635342', 130),
(560, 5, 'Lyon', 'Rue des Barres', 23, 590, '93274', 188),
(561, 6, 'Vigo', 'Calle de Preciados', 14, 615, '33724', 280),
(562, 2, 'San Francisco', 'Martin Luther King Drive', 14, NULL, '14824', 502),
(563, 9, 'London', 'Abbey Road', 71, 738, 'E1 2BL', 438),
(564, 1, 'Moscow', 'Svobody Street', 196, 547, '125130', 408),
(565, 6, 'Madrid', 'Calle Mayor', 146, 749, '06923', 120),
(566, 2, 'New York', 'Martin Luther King Drive', 135, 685, '35004', 61),
(567, 3, 'Lisbon', 'Rua Augusta', 27, NULL, '145-616', 328),
(568, 1, 'St.Petersburg', 'Mira Avenue', 127, NULL, '635342', 65),
(569, 4, 'Hamburg', 'Ebertstraße', 62, 817, '25138', 116),
(570, 2, 'Boston', 'Martin Luther King Drive', 37, 792, '37806', 310),
(571, 1, 'Ekaterinburg', 'Mira Avenue', 25, 772, '239032', 415),
(572, 3, 'Lisbon', 'Rua da Bica', 192, NULL, '145-616', 84),
(573, 4, 'Hamburg', 'Chausseestraße', 185, NULL, '25138', 334),
(574, 4, 'Frankfurt', 'Ebertstraße', 100, 97, '56234', 382),
(575, 9, 'London', 'Oxford Street', 84, 10, 'E1 2BL', 234),
(576, 5, 'Paris', 'Rue Cremieux', 30, 336, '57234', 251),
(577, 5, 'Lyon', 'Rue des Barres', 20, 181, '93274', 331),
(578, 2, 'San Francisco', 'Wall Street', 179, 487, '14824', 358),
(579, 1, 'Moscow', 'Svobody Street', 166, 414, '125130', 237),
(580, 9, 'London', 'Abbey Road', 102, 120, 'E1 2BL', 360),
(581, 8, 'London', 'South Granville Street', 23, NULL, 'N6Z 9Z9', 183),
(582, 3, 'Lisbon', 'Rua Augusta', 84, 420, '145-616', 333),
(583, 5, 'Paris', 'Rue des Barres', 186, NULL, '57234', 264),
(584, 3, 'Lisbon', 'Rua da Bica', 5, 402, '145-616', 208),
(585, 5, 'Paris', 'Rue Cremieux', 93, 334, '57234', 462),
(586, 2, 'Chicago', 'Martin Luther King Drive', 50, 893, '56004', 384),
(587, 6, 'Barcelona', 'Paseo del Prado', 1, 135, '01004', 349),
(588, 1, 'Ekaterinburg', 'Svobody Street', 52, 693, '239032', 422),
(589, 1, 'Ekaterinburg', 'Mira Avenue', 64, NULL, '239032', 287),
(590, 2, 'Boston', 'Ross Clark Circle', 60, 659, '37806', 43),
(591, 2, 'San Francisco', 'Wall Street', 167, NULL, '14824', 450),
(592, 8, 'London', 'South Granville Street', 195, 61, 'N6Z 9Z9', 298),
(593, 7, 'Rome', "Campo de' Fiori", 183, 259, '98168', 316),
(594, 6, 'Madrid', 'Calle de Preciados', 178, 820, '06923', 243),
(595, 3, 'Braga', 'Rua Augusta', 66, 859, '421-361', 438),
(596, 3, 'Lisbon', 'Rua da Bica', 79, NULL, '145-616', 253),
(597, 7, 'Rome', 'Via Margutta', 194, 345, '98168', 471),
(598, 5, 'Lyon', 'Rue Cremieux', 197, 934, '93274', 2),
(599, 3, 'Braga', 'Rua Augusta', 169, 60, '421-361', 64),
(600, 2, 'Boston', 'Wall Street', 197, 322, '37806', 364),
(601, 6, 'Madrid', 'Calle Mayor', 123, NULL, '06923', 413),
(602, 8, 'Toronto', 'South Granville Street', 126, 906, 'M9Z 9Z9', 301),
(603, 2, 'Chicago', 'Wall Street', 90, 735, '56004', 367),
(604, 7, 'Rome', 'Via della Conciliazione', 35, 924, '98168', 480),
(605, 7, 'Rome', 'Via della Conciliazione', 115, NULL, '98168', 98),
(606, 1, 'St.Petersburg', 'Svobody Street', 141, 208, '635342', 472),
(607, 4, 'Frankfurt', 'Ebertstraße', 102, 377, '56234', 491),
(608, 3, 'Lisbon', 'Rua Augusta', 119, 343, '145-616', 442),
(609, 1, 'Moscow', 'Mira Avenue', 154, 982, '125130', 74),
(610, 6, 'Barcelona', 'Calle Huertas', 121, 120, '01004', 197),
(611, 5, 'Lyon', 'Rue Chanoinesse', 127, NULL, '93274', 476),
(612, 2, 'Boston', 'Wall Street', 85, 83, '37806', 172),
(613, 5, 'Paris', 'Rue des Barres', 104, 443, '57234', 207),
(614, 6, 'Madrid', 'Calle Huertas', 101, 774, '06923', 182),
(615, 1, 'Moscow', 'Mira Avenue', 5, 604, '125130', 403),
(616, 5, 'Lyon', 'Rue Cremieux', 137, 98, '93274', 62),
(617, 7, 'Rome', 'Via Margutta', 161, 894, '98168', 288),
(618, 6, 'Vigo', 'Paseo del Prado', 65, 401, '33724', 72),
(619, 6, 'Vigo', 'Paseo del Prado', 136, NULL, '33724', 487),
(620, 1, 'St.Petersburg', 'Mira Avenue', 75, 407, '635342', 278),
(621, 9, 'Oxford', 'Oxford Street', 144, 486, 'W1G 8RH', 221),
(622, 5, 'Marseille', 'Rue Cremieux', 197, 924, '32983', 344),
(623, 6, 'Barcelona', 'Paseo del Prado', 91, 569, '01004', 180),
(624, 9, 'London', 'Abbey Road', 2, 51, 'E1 2BL', 57),
(625, 5, 'Paris', 'Rue Cremieux', 161, 741, '57234', 431),
(626, 2, 'San Francisco', 'Wall Street', 22, 337, '14824', 467),
(627, 2, 'San Francisco', 'Martin Luther King Drive', 87, 507, '14824', 452),
(628, 8, 'London', 'Queen Street', 81, NULL, 'N6Z 9Z9', 257),
(629, 2, 'Boston', 'Ross Clark Circle', 58, 212, '37806', 487),
(630, 5, 'Lyon', 'Rue Cremieux', 136, 655, '93274', 271),
(631, 1, 'Ekaterinburg', 'Mira Avenue', 196, 247, '239032', 366),
(632, 4, 'Hamburg', 'Ebertstraße', 141, 711, '25138', 390),
(633, 2, 'New York', 'Wall Street', 131, NULL, '35004', 362),
(634, 3, 'Porto', 'Rua Augusta', 32, 727, '432-516', 388),
(635, 8, 'Ontario', 'Queen Street', 168, 504, 'K0C 9Z9', 32),
(636, 9, 'London', 'Baker Street', 144, 134, 'E1 2BL', 335),
(637, 2, 'Chicago', 'Washington Street', 83, NULL, '56004', 34),
(638, 5, 'Marseille', 'Rue des Rosiers', 171, 264, '32983', 483),
(639, 4, 'Berlin', 'Bernauer Straße', 175, 266, '76234', 46),
(640, 9, 'London', 'Baker Street', 118, 732, 'E1 2BL', 416),
(641, 4, 'Berlin', 'Chausseestraße', 102, 197, '76234', 68),
(642, 5, 'Paris', 'Rue Chanoinesse', 19, 595, '57234', 210),
(643, 1, 'Ekaterinburg', 'Lenin Street', 9, NULL, '239032', 341),
(644, 1, 'Ekaterinburg', 'Mira Avenue', 181, 625, '239032', 281),
(645, 1, 'Ekaterinburg', '1905 Street', 117, 851, '239032', 21),
(646, 6, 'Barcelona', 'Paseo del Prado', 80, 86, '01004', 67),
(647, 2, 'Boston', 'Martin Luther King Drive', 164, 717, '37806', 402),
(648, 6, 'Madrid', 'Calle Mayor', 187, NULL, '06923', 481),
(649, 2, 'Chicago', 'Wall Street', 169, 390, '56004', 157),
(650, 9, 'Oxford', 'Abbey Road', 151, 67, 'W1G 8RH', 67),
(651, 6, 'Barcelona', 'Paseo del Prado', 189, 503, '01004', 327),
(652, 2, 'San Francisco', 'Washington Street', 25, NULL, '14824', 381),
(653, 7, 'Rome', 'Via Margutta', 148, 771, '98168', 135),
(654, 6, 'Barcelona', 'Paseo del Prado', 182, 463, '01004', 339),
(655, 4, 'Hamburg', 'Kurfürstendamm', 69, 356, '25138', 338),
(656, 9, 'London', 'Abbey Road', 108, 411, 'E1 2BL', 59),
(657, 8, 'London', 'Queen Street', 44, 471, 'N6Z 9Z9', 296),
(658, 5, 'Marseille', 'Rue des Rosiers', 87, 97, '32983', 228),
(659, 3, 'Braga', 'Avenida da Liberdade', 181, 959, '421-361', 211),
(660, 4, 'Berlin', 'Chausseestraße', 72, 163, '76234', 245),
(661, 7, 'Rome', "Campo de' Fiori", 72, 711, '98168', 340),
(662, 8, 'London', 'Queen Street', 156, 919, 'N6Z 9Z9', 8);

INSERT INTO `order` (`ID`, `DATE`, `DEADLINE_DATE`, `STATUS_ID`, `CUSTOMER_ID`, `ADDRESS_ID`) VALUES
(1, '2020-01-25', '2020-01-28', 1, 175, 382),
(2, '2020-01-29', '2020-02-01', 3, 7, 49),
(3, '2020-01-30', '2020-02-02', 6, 86, 305),
(4, '2020-01-31', '2020-02-03', 1, 409, 553),
(5, '2020-02-03', '2020-02-06', 1, 220, 268),
(6, '2020-02-06', '2020-02-09', 5, 366, 631),
(7, '2020-02-17', '2020-02-20', 4, 212, 60),
(8, '2020-02-25', '2020-02-28', 2, 234, 575),
(9, '2020-02-29', '2020-03-03', 3, 465, 68),
(10, '2020-03-05', '2020-03-08', 3, 269, 467),
(11, '2020-03-06', '2020-03-09', 6, 209, 351),
(12, '2020-03-12', '2020-03-15', 4, 301, 602),
(13, '2020-03-13', '2020-03-16', 5, 455, 260),
(14, '2020-03-18', '2020-03-21', 4, 492, 93),
(15, '2020-03-23', '2020-03-26', 3, 252, 130),
(16, '2020-03-24', '2020-03-27', 2, 465, 68),
(17, '2020-03-30', '2020-04-02', 5, 160, 190),
(18, '2020-04-04', '2020-04-07', 4, 492, 93),
(19, '2020-04-12', '2020-04-15', 1, 309, 309),
(20, '2020-04-14', '2020-04-17', 3, 392, 31),
(21, '2020-04-17', '2020-04-20', 5, 384, 586),
(22, '2020-04-18', '2020-04-21', 1, 104, 427),
(23, '2020-04-18', '2020-04-21', 4, 442, 350),
(24, '2020-04-21', '2020-04-24', 4, 234, 16),
(25, '2020-04-21', '2020-04-24', 5, 119, 267),
(26, '2020-04-23', '2020-04-26', 3, 154, 266),
(27, '2020-04-24', '2020-04-27', 4, 68, 641),
(28, '2020-05-10', '2020-05-13', 2, 308, 480),
(29, '2020-05-11', '2020-05-14', 3, 237, 579),
(30, '2020-05-13', '2020-05-16', 1, 298, 252),
(31, '2020-05-15', '2020-05-18', 1, 458, 556),
(32, '2020-05-19', '2020-05-22', 6, 29, 4),
(33, '2020-05-19', '2020-05-22', 2, 405, 352),
(34, '2020-05-28', '2020-05-31', 5, 409, 553),
(35, '2020-05-29', '2020-06-01', 6, 485, 369),
(36, '2020-05-30', '2020-06-02', 3, 328, 567),
(37, '2020-06-06', '2020-06-09', 2, 104, 427),
(38, '2020-06-09', '2020-06-12', 5, 259, 442),
(39, '2020-06-12', '2020-06-15', 2, 229, 298),
(40, '2020-06-18', '2020-06-21', 4, 10, 306),
(41, '2020-06-20', '2020-06-23', 2, 231, 146),
(42, '2020-07-01', '2020-07-04', 3, 123, 288),
(43, '2020-07-01', '2020-07-04', 6, 229, 325),
(44, '2020-07-03', '2020-07-06', 6, 174, 392),
(45, '2020-07-04', '2020-07-07', 3, 88, 527),
(46, '2020-07-09', '2020-07-12', 5, 356, 471),
(47, '2020-07-15', '2020-07-18', 6, 212, 60),
(48, '2020-07-16', '2020-07-19', 5, 366, 631),
(49, '2020-07-19', '2020-07-22', 5, 507, 464),
(50, '2020-07-19', '2020-07-22', 6, 309, 309),
(51, '2020-07-24', '2020-07-27', 4, 338, 655),
(52, '2020-08-01', '2020-08-04', 3, 175, 382),
(53, '2020-08-01', '2020-08-04', 2, 119, 267),
(54, '2020-08-07', '2020-08-10', 5, 458, 120),
(55, '2020-08-10', '2020-08-13', 4, 77, 224),
(56, '2020-08-27', '2020-08-30', 1, 405, 399),
(57, '2020-08-27', '2020-08-30', 4, 194, 240),
(58, '2020-08-28', '2020-08-31', 3, 301, 125),
(59, '2020-08-29', '2020-09-01', 5, 318, 395),
(60, '2020-09-16', '2020-09-19', 3, 154, 266),
(61, '2020-09-18', '2020-09-21', 5, 123, 288),
(62, '2020-09-27', '2020-09-30', 3, 250, 417),
(63, '2020-10-09', '2020-10-12', 4, 155, 80),
(64, '2020-10-11', '2020-10-14', 6, 267, 134),
(65, '2020-10-11', '2020-10-14', 4, 300, 179),
(66, '2020-10-14', '2020-10-17', 5, 325, 300),
(67, '2020-10-15', '2020-10-18', 2, 83, 255),
(68, '2020-10-15', '2020-10-18', 3, 10, 306),
(69, '2020-10-20', '2020-10-23', 2, 319, 62),
(70, '2020-10-20', '2020-10-23', 2, 119, 267),
(71, '2020-10-24', '2020-10-27', 1, 384, 586),
(72, '2020-10-27', '2020-10-30', 3, 308, 480),
(73, '2020-11-04', '2020-11-07', 4, 209, 351),
(74, '2020-11-07', '2020-11-10', 4, 409, 553),
(75, '2020-11-11', '2020-11-14', 1, 209, 351),
(76, '2020-11-12', '2020-11-15', 4, 319, 62),
(77, '2020-11-18', '2020-11-21', 3, 220, 268),
(78, '2020-11-21', '2020-11-24', 1, 355, 303),
(79, '2020-11-26', '2020-11-29', 5, 486, 297),
(80, '2020-11-29', '2020-12-02', 3, 245, 660),
(81, '2020-12-23', '2020-12-26', 4, 190, 132),
(82, '2020-12-26', '2020-12-29', 2, 104, 427),
(83, '2020-12-26', '2020-12-29', 3, 220, 268),
(84, '2020-12-26', '2020-12-29', 1, 454, 554),
(85, '2020-12-27', '2020-12-30', 4, 482, 332),
(86, '2020-12-30', '2021-01-02', 5, 318, 425),
(87, '2021-01-05', '2021-01-08', 5, 301, 125),
(88, '2021-01-05', '2021-01-08', 5, 7, 49),
(89, '2021-01-10', '2021-01-13', 3, 58, 358),
(90, '2021-01-20', '2021-01-23', 2, 266, 328),
(91, '2021-01-31', '2021-02-03', 6, 47, 262),
(92, '2021-02-03', '2021-02-06', 2, 231, 146),
(93, '2021-02-12', '2021-02-15', 6, 266, 66),
(94, '2021-02-14', '2021-02-17', 3, 350, 413),
(95, '2021-02-18', '2021-02-21', 4, 469, 533),
(96, '2021-02-26', '2021-03-01', 1, 97, 461),
(97, '2021-03-05', '2021-03-08', 6, 379, 140),
(98, '2021-03-08', '2021-03-11', 5, 379, 140),
(99, '2021-03-09', '2021-03-12', 5, 379, 140),
(100, '2021-03-12', '2021-03-15', 4, 237, 579),
(101, '2021-03-23', '2021-03-26', 3, 361, 376),
(102, '2021-03-30', '2021-04-02', 4, 175, 382),
(103, '2021-04-11', '2021-04-14', 2, 90, 283),
(104, '2021-04-14', '2021-04-17', 6, 119, 267),
(105, '2021-04-15', '2021-04-18', 3, 469, 533),
(106, '2021-04-22', '2021-04-25', 5, 338, 319),
(107, '2021-05-03', '2021-05-06', 1, 384, 586),
(108, '2021-05-04', '2021-05-07', 4, 244, 193),
(109, '2021-05-05', '2021-05-08', 1, 12, 145),
(110, '2021-05-07', '2021-05-10', 6, 425, 407),
(111, '2021-05-07', '2021-05-10', 3, 361, 376),
(112, '2021-05-11', '2021-05-14', 3, 154, 266),
(113, '2021-06-08', '2021-06-11', 6, 171, 383),
(114, '2021-06-12', '2021-06-15', 1, 90, 283),
(115, '2021-07-01', '2021-07-04', 3, 301, 125),
(116, '2021-07-09', '2021-07-12', 2, 455, 260),
(117, '2021-07-16', '2021-07-19', 5, 308, 480),
(118, '2021-07-17', '2021-07-20', 5, 212, 60),
(119, '2021-08-13', '2021-08-16', 4, 239, 163),
(120, '2021-08-17', '2021-08-20', 3, 309, 309),
(121, '2021-08-17', '2021-08-20', 6, 319, 62),
(122, '2021-08-19', '2021-08-22', 5, 29, 69),
(123, '2021-08-23', '2021-08-26', 2, 379, 140),
(124, '2021-08-24', '2021-08-27', 5, 320, 552),
(125, '2021-08-26', '2021-08-29', 1, 318, 395),
(126, '2021-08-29', '2021-09-01', 5, 454, 554),
(127, '2021-09-02', '2021-09-05', 3, 465, 68),
(128, '2021-09-05', '2021-09-08', 1, 119, 267),
(129, '2021-09-07', '2021-09-10', 6, 169, 282),
(130, '2021-09-28', '2021-10-01', 1, 353, 446),
(131, '2021-10-01', '2021-10-04', 1, 90, 283),
(132, '2021-10-02', '2021-10-05', 6, 86, 305),
(133, '2021-10-06', '2021-10-09', 2, 432, 456),
(134, '2021-10-07', '2021-10-10', 2, 482, 44),
(135, '2021-10-17', '2021-10-20', 4, 86, 305),
(136, '2021-10-18', '2021-10-21', 4, 383, 205),
(137, '2021-10-28', '2021-10-31', 5, 160, 190),
(138, '2021-11-04', '2021-11-07', 6, 160, 190),
(139, '2021-11-12', '2021-11-15', 4, 376, 344),
(140, '2021-11-12', '2021-11-15', 2, 458, 556),
(141, '2021-11-15', '2021-11-18', 2, 234, 575),
(142, '2021-11-21', '2021-11-24', 3, 300, 179),
(143, '2021-11-23', '2021-11-26', 5, 289, 222),
(144, '2021-11-29', '2021-12-02', 2, 47, 262),
(145, '2021-12-03', '2021-12-06', 5, 209, 351),
(146, '2021-12-05', '2021-12-08', 2, 2, 598),
(147, '2021-12-13', '2021-12-16', 3, 221, 621),
(148, '2021-12-18', '2021-12-21', 6, 7, 49),
(149, '2021-12-19', '2021-12-22', 6, 377, 361),
(150, '2021-12-21', '2021-12-24', 1, 350, 401),
(151, '2022-01-02', '2022-01-05', 5, 411, 293),
(152, '2022-01-03', '2022-01-06', 3, 10, 306),
(153, '2022-01-12', '2022-01-15', 3, 298, 592),
(154, '2022-01-19', '2022-01-22', 5, 212, 60),
(155, '2022-01-20', '2022-01-23', 6, 119, 267),
(156, '2022-01-29', '2022-02-01', 1, 409, 553),
(157, '2022-01-30', '2022-02-02', 4, 231, 146),
(158, '2022-01-31', '2022-02-03', 4, 244, 193),
(159, '2022-02-03', '2022-02-06', 1, 104, 427),
(160, '2022-02-07', '2022-02-10', 4, 455, 260),
(161, '2022-02-12', '2022-02-15', 4, 244, 193),
(162, '2022-02-27', '2022-03-02', 1, 409, 553),
(163, '2022-03-03', '2022-03-06', 2, 61, 280),
(164, '2022-03-18', '2022-03-21', 3, 455, 260),
(165, '2022-03-21', '2022-03-24', 2, 179, 174),
(166, '2022-03-30', '2022-04-02', 1, 175, 382),
(167, '2022-04-02', '2022-04-05', 5, 244, 193),
(168, '2022-04-03', '2022-04-06', 4, 384, 586),
(169, '2022-04-08', '2022-04-11', 5, 353, 446),
(170, '2022-04-26', '2022-04-29', 5, 154, 266),
(171, '2022-05-04', '2022-05-07', 2, 318, 395),
(172, '2022-05-08', '2022-05-11', 5, 372, 474),
(173, '2022-05-08', '2022-05-11', 2, 90, 283),
(174, '2022-05-10', '2022-05-13', 4, 142, 458),
(175, '2022-05-19', '2022-05-22', 4, 174, 463),
(176, '2022-05-26', '2022-05-29', 4, 432, 456),
(177, '2022-05-29', '2022-06-01', 3, 269, 467),
(178, '2022-06-20', '2022-06-23', 3, 149, 133),
(179, '2022-07-06', '2022-07-09', 6, 309, 236),
(180, '2022-07-06', '2022-07-09', 1, 88, 527),
(181, '2022-07-07', '2022-07-10', 1, 119, 267),
(182, '2022-07-09', '2022-07-12', 1, 492, 93),
(183, '2022-07-27', '2022-07-30', 5, 325, 63),
(184, '2022-07-27', '2022-07-30', 6, 465, 68),
(185, '2022-08-11', '2022-08-14', 2, 47, 262),
(186, '2022-08-13', '2022-08-16', 1, 171, 28),
(187, '2022-08-13', '2022-08-16', 3, 234, 16),
(188, '2022-08-31', '2022-09-03', 5, 171, 383),
(189, '2022-09-06', '2022-09-09', 1, 155, 80),
(190, '2022-09-06', '2022-09-09', 4, 438, 563),
(191, '2022-09-14', '2022-09-17', 2, 237, 579),
(192, '2022-09-20', '2022-09-23', 3, 252, 130),
(193, '2022-09-23', '2022-09-26', 6, 486, 297),
(194, '2022-09-26', '2022-09-29', 1, 392, 31),
(195, '2022-10-01', '2022-10-04', 6, 88, 410),
(196, '2022-10-03', '2022-10-06', 2, 73, 544),
(197, '2022-10-13', '2022-10-16', 6, 169, 282),
(198, '2022-11-01', '2022-11-04', 3, 225, 253),
(199, '2022-11-06', '2022-11-09', 3, 392, 31),
(200, '2022-11-12', '2022-11-15', 1, 88, 410);

INSERT INTO `order_item` (`ID`, `PRODUCT_ID`, `AMOUNT`, `ORDER_ID`) VALUES
(1, 25, 1, 1),
(2, 35, 1, 2),
(3, 46, 2, 3),
(4, 27, 2, 3),
(5, 44, 1, 3),
(6, 37, 2, 4),
(7, 32, 1, 5),
(8, 7, 1, 5),
(9, 14, 2, 6),
(10, 24, 2, 7),
(11, 13, 1, 7),
(12, 28, 1, 8),
(13, 18, 1, 9),
(14, 34, 1, 9),
(15, 12, 2, 9),
(16, 27, 1, 10),
(17, 23, 1, 10),
(18, 22, 1, 10),
(19, 21, 1, 11),
(20, 46, 2, 12),
(21, 55, 2, 12),
(22, 6, 1, 13),
(23, 11, 1, 13),
(24, 49, 1, 13),
(25, 2, 1, 13),
(26, 47, 2, 13),
(27, 53, 1, 14),
(28, 36, 1, 15),
(29, 53, 2, 15),
(30, 53, 1, 15),
(31, 19, 2, 15),
(32, 28, 1, 16),
(33, 46, 1, 17),
(34, 30, 1, 18),
(35, 19, 2, 19),
(36, 8, 1, 20),
(37, 8, 3, 21),
(38, 41, 1, 22),
(39, 41, 2, 23),
(40, 32, 2, 24),
(41, 24, 2, 24),
(42, 30, 1, 25),
(43, 43, 1, 25),
(44, 30, 1, 25),
(45, 12, 3, 25),
(46, 43, 1, 25),
(47, 54, 1, 26),
(48, 50, 3, 27),
(49, 29, 3, 27),
(50, 5, 2, 27),
(51, 42, 1, 28),
(52, 22, 1, 29),
(53, 46, 1, 29),
(54, 6, 1, 29),
(55, 50, 1, 30),
(56, 2, 2, 31),
(57, 51, 1, 31),
(58, 7, 1, 32),
(59, 20, 2, 32),
(60, 52, 1, 33),
(61, 53, 1, 34),
(62, 6, 1, 35),
(63, 37, 2, 36),
(64, 27, 2, 37),
(65, 35, 1, 37),
(66, 23, 1, 38),
(67, 42, 2, 38),
(68, 7, 2, 39),
(69, 23, 1, 40),
(70, 2, 1, 40),
(71, 29, 1, 41),
(72, 53, 2, 41),
(73, 36, 2, 42),
(74, 29, 2, 42),
(75, 23, 1, 43),
(76, 30, 2, 44),
(77, 13, 1, 45),
(78, 53, 1, 45),
(79, 2, 2, 45),
(80, 4, 1, 45),
(81, 26, 1, 46),
(82, 47, 2, 46),
(83, 33, 2, 46),
(84, 15, 1, 47),
(85, 16, 1, 47),
(86, 38, 1, 48),
(87, 35, 1, 49),
(88, 26, 1, 50),
(89, 53, 1, 51),
(90, 30, 2, 51),
(91, 37, 3, 51),
(92, 34, 2, 52),
(93, 29, 3, 52),
(94, 9, 1, 52),
(95, 30, 1, 52),
(96, 26, 3, 53),
(97, 7, 1, 54),
(98, 38, 1, 55),
(99, 41, 1, 55),
(100, 27, 2, 55),
(101, 52, 1, 56),
(102, 27, 1, 57),
(103, 4, 1, 58),
(104, 47, 1, 59),
(105, 19, 1, 59),
(106, 11, 1, 60),
(107, 44, 2, 60),
(108, 22, 3, 60),
(109, 1, 1, 61),
(110, 46, 2, 62),
(111, 32, 1, 62),
(112, 11, 2, 62),
(113, 54, 1, 62),
(114, 43, 1, 62),
(115, 19, 1, 63),
(116, 51, 1, 63),
(117, 41, 2, 63),
(118, 48, 2, 64),
(119, 28, 1, 65),
(120, 49, 1, 66),
(121, 52, 1, 67),
(122, 50, 2, 67),
(123, 35, 1, 68),
(124, 37, 2, 68),
(125, 32, 2, 69),
(126, 51, 2, 70),
(127, 42, 1, 70),
(128, 10, 2, 70),
(129, 37, 3, 71),
(130, 13, 2, 72),
(131, 43, 1, 73),
(132, 12, 1, 74),
(133, 42, 2, 74),
(134, 28, 1, 74),
(135, 14, 1, 74),
(136, 8, 1, 74),
(137, 38, 2, 75),
(138, 25, 1, 76),
(139, 25, 2, 77),
(140, 48, 1, 77),
(141, 22, 1, 77),
(142, 21, 2, 77),
(143, 52, 1, 78),
(144, 43, 3, 78),
(145, 38, 1, 78),
(146, 54, 1, 79),
(147, 34, 1, 79),
(148, 18, 2, 80),
(149, 5, 1, 80),
(150, 1, 1, 81),
(151, 25, 3, 81),
(152, 16, 1, 82),
(153, 18, 1, 83),
(154, 38, 1, 84),
(155, 54, 1, 85),
(156, 40, 1, 85),
(157, 47, 1, 86),
(158, 7, 2, 87),
(159, 21, 1, 88),
(160, 33, 3, 89),
(161, 53, 1, 89),
(162, 21, 1, 89),
(163, 4, 2, 89),
(164, 5, 1, 89),
(165, 4, 1, 90),
(166, 25, 1, 90),
(167, 41, 2, 91),
(168, 27, 1, 91),
(169, 17, 2, 92),
(170, 5, 1, 92),
(171, 12, 2, 93),
(172, 44, 2, 93),
(173, 51, 2, 94),
(174, 43, 1, 95),
(175, 31, 2, 96),
(176, 2, 2, 97),
(177, 53, 1, 98),
(178, 38, 2, 99),
(179, 14, 1, 99),
(180, 39, 3, 100),
(181, 15, 1, 100),
(182, 24, 1, 100),
(183, 11, 1, 100),
(184, 38, 1, 100),
(185, 13, 1, 101),
(186, 22, 1, 102),
(187, 31, 2, 103),
(188, 36, 1, 103),
(189, 47, 1, 104),
(190, 49, 1, 104),
(191, 38, 1, 105),
(192, 23, 1, 106),
(193, 41, 1, 107),
(194, 35, 1, 108),
(195, 8, 2, 109),
(196, 38, 2, 109),
(197, 24, 2, 109),
(198, 46, 1, 110),
(199, 19, 1, 110),
(200, 54, 2, 111),
(201, 36, 1, 111),
(202, 44, 1, 112),
(203, 9, 1, 113),
(204, 41, 3, 113),
(205, 7, 1, 113),
(206, 44, 1, 113),
(207, 20, 1, 113),
(208, 26, 1, 114),
(209, 27, 1, 114),
(210, 10, 2, 115),
(211, 22, 1, 116),
(212, 34, 2, 116),
(213, 46, 1, 116),
(214, 52, 1, 116),
(215, 47, 1, 117),
(216, 17, 1, 117),
(217, 34, 1, 117),
(218, 5, 1, 118),
(219, 28, 2, 118),
(220, 41, 2, 119),
(221, 16, 1, 119),
(222, 7, 2, 119),
(223, 9, 2, 120),
(224, 10, 3, 121),
(225, 29, 3, 121),
(226, 19, 1, 122),
(227, 15, 1, 122),
(228, 21, 3, 123),
(229, 26, 3, 124),
(230, 42, 1, 125),
(231, 48, 2, 125),
(232, 16, 1, 126),
(233, 5, 2, 126),
(234, 46, 1, 126),
(235, 46, 1, 126),
(236, 35, 1, 127),
(237, 48, 2, 127),
(238, 22, 1, 127),
(239, 38, 3, 128),
(240, 22, 1, 128),
(241, 3, 1, 129),
(242, 14, 2, 130),
(243, 20, 2, 130),
(244, 26, 1, 131),
(245, 11, 2, 132),
(246, 39, 1, 133),
(247, 47, 1, 134),
(248, 43, 1, 134),
(249, 44, 2, 134),
(250, 19, 1, 134),
(251, 21, 1, 135),
(252, 32, 1, 136),
(253, 42, 1, 137),
(254, 27, 2, 138),
(255, 51, 1, 139),
(256, 11, 2, 140),
(257, 33, 2, 141),
(258, 31, 1, 142),
(259, 41, 2, 142),
(260, 11, 2, 143),
(261, 55, 2, 143),
(262, 41, 1, 144),
(263, 23, 1, 144),
(264, 55, 1, 144),
(265, 48, 2, 144),
(266, 29, 2, 144),
(267, 10, 1, 145),
(268, 24, 1, 145),
(269, 38, 1, 145),
(270, 32, 3, 145),
(271, 36, 3, 145),
(272, 42, 1, 146),
(273, 42, 2, 147),
(274, 48, 1, 147),
(275, 28, 1, 148),
(276, 50, 2, 149),
(277, 36, 2, 150),
(278, 23, 1, 150),
(279, 9, 2, 151),
(280, 50, 1, 152),
(281, 13, 1, 153),
(282, 24, 2, 154),
(283, 50, 1, 154),
(284, 47, 2, 155),
(285, 40, 1, 155),
(286, 31, 1, 156),
(287, 3, 3, 156),
(288, 7, 2, 157),
(289, 33, 2, 157),
(290, 28, 1, 157),
(291, 51, 1, 158),
(292, 16, 2, 158),
(293, 7, 1, 159),
(294, 29, 1, 159),
(295, 37, 2, 160),
(296, 9, 2, 160),
(297, 27, 3, 161),
(298, 3, 2, 161),
(299, 5, 1, 162),
(300, 25, 2, 163),
(301, 7, 1, 164),
(302, 3, 1, 164),
(303, 53, 1, 165),
(304, 39, 2, 165),
(305, 1, 1, 165),
(306, 31, 3, 165),
(307, 22, 1, 165),
(308, 3, 1, 166),
(309, 1, 1, 167),
(310, 1, 1, 168),
(311, 54, 3, 168),
(312, 14, 1, 169),
(313, 5, 3, 170),
(314, 38, 1, 171),
(315, 54, 2, 172),
(316, 32, 1, 173),
(317, 38, 1, 173),
(318, 30, 3, 174),
(319, 38, 3, 174),
(320, 18, 1, 174),
(321, 36, 1, 175),
(322, 53, 2, 176),
(323, 19, 1, 177),
(324, 4, 3, 177),
(325, 42, 1, 177),
(326, 5, 1, 178),
(327, 44, 1, 178),
(328, 17, 1, 179),
(329, 3, 1, 180),
(330, 12, 2, 181),
(331, 7, 3, 182),
(332, 11, 1, 182),
(333, 22, 2, 183),
(334, 35, 1, 183),
(335, 23, 1, 184),
(336, 5, 1, 184),
(337, 7, 2, 185),
(338, 15, 1, 185),
(339, 9, 1, 186),
(340, 28, 1, 187),
(341, 2, 1, 188),
(342, 29, 1, 188),
(343, 52, 3, 189),
(344, 45, 2, 189),
(345, 53, 2, 190),
(346, 34, 1, 191),
(347, 45, 2, 192),
(348, 37, 1, 192),
(349, 16, 1, 193),
(350, 34, 1, 193),
(351, 50, 2, 194),
(352, 42, 2, 194),
(353, 36, 2, 195),
(354, 2, 2, 195),
(355, 11, 1, 196),
(356, 45, 2, 196),
(357, 11, 3, 196),
(358, 47, 3, 197),
(359, 7, 2, 197),
(360, 11, 1, 198),
(361, 33, 2, 198),
(362, 30, 1, 199),
(363, 13, 1, 200);

INSERT INTO `payment` (`ID`, `DATE`, `METHOD`, `WAY`, `STATUS_ID`, `ORDER_ID`) VALUES
(1, '2020-01-28', 'Bill', 'When delivered', 1, 1),
(2, '2020-01-29', 'Card', 'Instant', 1, 2),
(3, '2020-01-30', 'Cash', 'Instant', 3, 3),
(4, '2020-01-31', 'Card', 'Instant', 1, 4),
(5, '2020-02-03', 'Card', 'Instant', 1, 5),
(6, '2020-02-09', 'Card', 'When delivered', 2, 6),
(7, '2020-02-20', 'Crypto', 'When delivered', 1, 7),
(8, '2020-02-25', 'Crypto', 'Instant', 1, 8),
(9, '2020-03-03', 'Card', 'When delivered', 1, 9),
(10, '2020-03-08', 'Cash', 'When delivered', 1, 10),
(11, '2020-03-06', 'Card', 'Instant', 3, 11),
(12, '2020-03-15', 'Bill', 'When delivered', 1, 12),
(13, '2020-03-13', 'Card', 'Instant', 2, 13),
(14, '2020-03-21', 'Card', 'When delivered', 1, 14),
(15, '2020-03-23', 'Card', 'Instant', 1, 15),
(16, '2020-03-27', 'Card', 'When delivered', 1, 16),
(17, '2020-04-02', 'Cash', 'When delivered', 2, 17),
(18, '2020-04-07', 'Cash', 'When delivered', 1, 18),
(19, '2020-04-15', 'Bill', 'When delivered', 1, 19),
(20, '2020-04-14', 'Card', 'Instant', 1, 20),
(21, '2020-04-20', 'Card', 'When delivered', 2, 21),
(22, '2020-04-21', 'Bill', 'When delivered', 1, 22),
(23, '2020-04-21', 'Card', 'When delivered', 1, 23),
(24, '2020-04-24', 'Card', 'When delivered', 1, 24),
(25, '2020-04-24', 'Card', 'When delivered', 2, 25),
(26, '2020-04-26', 'Cash', 'When delivered', 1, 26),
(27, '2020-04-24', 'Crypto', 'Instant', 1, 27),
(28, '2020-05-10', 'Card', 'Instant', 1, 28),
(29, '2020-05-11', 'Card', 'Instant', 1, 29),
(30, '2020-05-16', 'Crypto', 'When delivered', 1, 30),
(31, '2020-05-15', 'Card', 'Instant', 1, 31),
(32, '2020-05-19', 'Cash', 'Instant', 3, 32),
(33, '2020-05-22', 'Cash', 'When delivered', 1, 33),
(34, '2020-05-31', 'Crypto', 'When delivered', 2, 34),
(35, '2020-06-01', 'Card', 'When delivered', 3, 35),
(36, '2020-05-30', 'Card', 'Instant', 1, 36),
(37, '2020-06-06', 'Crypto', 'Instant', 1, 37),
(38, '2020-06-12', 'Card', 'When delivered', 2, 38),
(39, '2020-06-12', 'Cash', 'Instant', 1, 39),
(40, '2020-06-18', 'Card', 'Instant', 1, 40),
(41, '2020-06-23', 'Card', 'When delivered', 1, 41),
(42, '2020-07-01', 'Cash', 'Instant', 1, 42),
(43, '2020-07-04', 'Card', 'When delivered', 3, 43),
(44, '2020-07-03', 'Card', 'Instant', 3, 44),
(45, '2020-07-07', 'Card', 'When delivered', 1, 45),
(46, '2020-07-12', 'Card', 'When delivered', 2, 46),
(47, '2020-07-18', 'Cash', 'When delivered', 3, 47),
(48, '2020-07-19', 'Cash', 'When delivered', 2, 48),
(49, '2020-07-19', 'Bill', 'Instant', 2, 49),
(50, '2020-07-19', 'Card', 'Instant', 3, 50),
(51, '2020-07-24', 'Card', 'Instant', 1, 51),
(52, '2020-08-01', 'Cash', 'Instant', 1, 52),
(53, '2020-08-01', 'Card', 'Instant', 1, 53),
(54, '2020-08-07', 'Card', 'Instant', 2, 54),
(55, '2020-08-10', 'Card', 'Instant', 1, 55),
(56, '2020-08-27', 'Card', 'Instant', 1, 56),
(57, '2020-08-27', 'Crypto', 'Instant', 1, 57),
(58, '2020-08-31', 'Card', 'When delivered', 1, 58),
(59, '2020-08-29', 'Card', 'Instant', 2, 59),
(60, '2020-09-16', 'Cash', 'Instant', 1, 60),
(61, '2020-09-21', 'Card', 'When delivered', 2, 61),
(62, '2020-09-27', 'Crypto', 'Instant', 1, 62),
(63, '2020-10-12', 'Card', 'When delivered', 1, 63),
(64, '2020-10-11', 'Cash', 'Instant', 3, 64),
(65, '2020-10-11', 'Bill', 'Instant', 1, 65),
(66, '2020-10-14', 'Cash', 'Instant', 2, 66),
(67, '2020-10-15', 'Card', 'Instant', 1, 67),
(68, '2020-10-18', 'Card', 'When delivered', 1, 68),
(69, '2020-10-23', 'Card', 'When delivered', 1, 69),
(70, '2020-10-23', 'Card', 'When delivered', 1, 70),
(71, '2020-10-27', 'Card', 'When delivered', 1, 71),
(72, '2020-10-30', 'Cash', 'When delivered', 1, 72),
(73, '2020-11-04', 'Card', 'Instant', 1, 73),
(74, '2020-11-10', 'Cash', 'When delivered', 1, 74),
(75, '2020-11-11', 'Bill', 'Instant', 1, 75),
(76, '2020-11-15', 'Cash', 'When delivered', 1, 76),
(77, '2020-11-21', 'Card', 'When delivered', 1, 77),
(78, '2020-11-24', 'Card', 'When delivered', 1, 78),
(79, '2020-11-26', 'Cash', 'Instant', 2, 79),
(80, '2020-12-02', 'Cash', 'When delivered', 1, 80),
(81, '2020-12-23', 'Crypto', 'Instant', 1, 81),
(82, '2020-12-29', 'Card', 'When delivered', 1, 82),
(83, '2020-12-26', 'Card', 'Instant', 1, 83),
(84, '2020-12-29', 'Card', 'When delivered', 1, 84),
(85, '2020-12-27', 'Cash', 'Instant', 1, 85),
(86, '2020-12-30', 'Card', 'Instant', 2, 86),
(87, '2021-01-05', 'Crypto', 'Instant', 2, 87),
(88, '2021-01-05', 'Card', 'Instant', 2, 88),
(89, '2021-01-10', 'Cash', 'Instant', 1, 89),
(90, '2021-01-23', 'Card', 'When delivered', 1, 90),
(91, '2021-01-31', 'Card', 'Instant', 3, 91),
(92, '2021-02-03', 'Crypto', 'Instant', 1, 92),
(93, '2021-02-15', 'Cash', 'When delivered', 3, 93),
(94, '2021-02-17', 'Card', 'When delivered', 1, 94),
(95, '2021-02-18', 'Cash', 'Instant', 1, 95),
(96, '2021-03-01', 'Card', 'When delivered', 1, 96),
(97, '2021-03-08', 'Card', 'When delivered', 3, 97),
(98, '2021-03-11', 'Card', 'When delivered', 2, 98),
(99, '2021-03-12', 'Card', 'When delivered', 2, 99),
(100, '2021-03-12', 'Cash', 'Instant', 1, 100),
(101, '2021-03-23', 'Cash', 'Instant', 1, 101),
(102, '2021-03-30', 'Card', 'Instant', 1, 102),
(103, '2021-04-14', 'Cash', 'When delivered', 1, 103),
(104, '2021-04-17', 'Card', 'When delivered', 3, 104),
(105, '2021-04-15', 'Card', 'Instant', 1, 105),
(106, '2021-04-22', 'Card', 'Instant', 2, 106),
(107, '2021-05-03', 'Card', 'Instant', 1, 107),
(108, '2021-05-04', 'Card', 'Instant', 1, 108),
(109, '2021-05-08', 'Card', 'When delivered', 1, 109),
(110, '2021-05-10', 'Cash', 'When delivered', 3, 110),
(111, '2021-05-07', 'Cash', 'Instant', 1, 111),
(112, '2021-05-11', 'Card', 'Instant', 1, 112),
(113, '2021-06-08', 'Card', 'Instant', 3, 113),
(114, '2021-06-12', 'Card', 'Instant', 1, 114),
(115, '2021-07-04', 'Cash', 'When delivered', 1, 115),
(116, '2021-07-12', 'Bill', 'When delivered', 1, 116),
(117, '2021-07-16', 'Card', 'Instant', 2, 117),
(118, '2021-07-17', 'Card', 'Instant', 2, 118),
(119, '2021-08-13', 'Card', 'Instant', 1, 119),
(120, '2021-08-20', 'Bill', 'When delivered', 1, 120),
(121, '2021-08-17', 'Card', 'Instant', 3, 121),
(122, '2021-08-19', 'Cash', 'Instant', 2, 122),
(123, '2021-08-26', 'Card', 'When delivered', 1, 123),
(124, '2021-08-27', 'Card', 'When delivered', 2, 124),
(125, '2021-08-26', 'Crypto', 'Instant', 1, 125),
(126, '2021-09-01', 'Cash', 'When delivered', 2, 126),
(127, '2021-09-02', 'Card', 'Instant', 1, 127),
(128, '2021-09-05', 'Card', 'Instant', 1, 128),
(129, '2021-09-10', 'Cash', 'When delivered', 3, 129),
(130, '2021-09-28', 'Bill', 'Instant', 1, 130),
(131, '2021-10-01', 'Cash', 'Instant', 1, 131),
(132, '2021-10-02', 'Cash', 'Instant', 3, 132),
(133, '2021-10-06', 'Cash', 'Instant', 1, 133),
(134, '2021-10-10', 'Bill', 'When delivered', 1, 134),
(135, '2021-10-17', 'Crypto', 'Instant', 1, 135),
(136, '2021-10-18', 'Card', 'Instant', 1, 136),
(137, '2021-10-31', 'Card', 'When delivered', 2, 137),
(138, '2021-11-04', 'Card', 'Instant', 3, 138),
(139, '2021-11-12', 'Cash', 'Instant', 1, 139),
(140, '2021-11-15', 'Cash', 'When delivered', 1, 140),
(141, '2021-11-15', 'Card', 'Instant', 1, 141),
(142, '2021-11-21', 'Card', 'Instant', 1, 142),
(143, '2021-11-23', 'Card', 'Instant', 2, 143),
(144, '2021-11-29', 'Card', 'Instant', 1, 144),
(145, '2021-12-06', 'Cash', 'When delivered', 2, 145),
(146, '2021-12-05', 'Card', 'Instant', 1, 146),
(147, '2021-12-13', 'Card', 'Instant', 1, 147),
(148, '2021-12-18', 'Card', 'Instant', 3, 148),
(149, '2021-12-19', 'Card', 'Instant', 3, 149),
(150, '2021-12-24', 'Card', 'When delivered', 1, 150),
(151, '2022-01-05', 'Crypto', 'When delivered', 2, 151),
(152, '2022-01-03', 'Card', 'Instant', 1, 152),
(153, '2022-01-12', 'Card', 'Instant', 1, 153),
(154, '2022-01-22', 'Cash', 'When delivered', 2, 154),
(155, '2022-01-20', 'Card', 'Instant', 3, 155),
(156, '2022-01-29', 'Card', 'Instant', 1, 156),
(157, '2022-01-30', 'Crypto', 'Instant', 1, 157),
(158, '2022-01-31', 'Cash', 'Instant', 1, 158),
(159, '2022-02-03', 'Card', 'Instant', 1, 159),
(160, '2022-02-10', 'Cash', 'When delivered', 1, 160),
(161, '2022-02-15', 'Card', 'When delivered', 1, 161),
(162, '2022-03-02', 'Card', 'When delivered', 1, 162),
(163, '2022-03-03', 'Card', 'Instant', 1, 163),
(164, '2022-03-21', 'Card', 'When delivered', 1, 164),
(165, '2022-03-21', 'Card', 'Instant', 1, 165),
(166, '2022-03-30', 'Crypto', 'Instant', 1, 166),
(167, '2022-04-02', 'Card', 'Instant', 2, 167),
(168, '2022-04-06', 'Card', 'When delivered', 1, 168),
(169, '2022-04-08', 'Bill', 'Instant', 2, 169),
(170, '2022-04-26', 'Card', 'Instant', 2, 170),
(171, '2022-05-07', 'Card', 'When delivered', 1, 171),
(172, '2022-05-08', 'Crypto', 'Instant', 2, 172),
(173, '2022-05-08', 'Card', 'Instant', 1, 173),
(174, '2022-05-10', 'Card', 'Instant', 1, 174),
(175, '2022-05-19', 'Card', 'Instant', 1, 175),
(176, '2022-05-26', 'Cash', 'Instant', 1, 176),
(177, '2022-05-29', 'Cash', 'Instant', 1, 177),
(178, '2022-06-23', 'Card', 'When delivered', 1, 178),
(179, '2022-07-06', 'Cash', 'Instant', 3, 179),
(180, '2022-07-09', 'Cash', 'When delivered', 1, 180),
(181, '2022-07-10', 'Cash', 'When delivered', 1, 181),
(182, '2022-07-09', 'Card', 'Instant', 1, 182),
(183, '2022-07-27', 'Card', 'Instant', 2, 183),
(184, '2022-07-27', 'Card', 'Instant', 3, 184),
(185, '2022-08-11', 'Cash', 'Instant', 1, 185),
(186, '2022-08-13', 'Cash', 'Instant', 1, 186),
(187, '2022-08-16', 'Crypto', 'When delivered', 1, 187),
(188, '2022-08-31', 'Cash', 'Instant', 2, 188),
(189, '2022-09-06', 'Card', 'Instant', 1, 189),
(190, '2022-09-09', 'Card', 'When delivered', 1, 190),
(191, '2022-09-14', 'Card', 'Instant', 1, 191),
(192, '2022-09-23', 'Card', 'When delivered', 1, 192),
(193, '2022-09-23', 'Bill', 'Instant', 3, 193),
(194, '2022-09-26', 'Cash', 'Instant', 1, 194),
(195, '2022-10-01', 'Card', 'Instant', 3, 195),
(196, '2022-10-03', 'Bill', 'Instant', 1, 196),
(197, '2022-10-13', 'Cash', 'Instant', 3, 197),
(198, '2022-11-01', 'Cash', 'Instant', 1, 198),
(199, '2022-11-06', 'Card', 'Instant', 1, 199),
(200, '2022-11-12', 'Card', 'Instant', 1, 200);

